"participant_id","university","major_field","major_specific","age","gender","gpa","music_habit","personality_extroversion","personality_conscientiousness","prior_test_experience","block_id","treatment","completed_study","reading_score","math_score","distraction_rating","heart_rate_avg"
1,"Uni C","Humanities","Cultural Studies",23,"Male",1.62,"High",-0.3,-0.63,"High","Humanities.Low.High","Silence",1,29.1,39.8,1,67.1
2,"Uni C","STEM","Chemistry",21,"Male",2.89,"Low",0.2,-0.37,"High","STEM.Medium.Low","Lyrical Music",1,13.2,32.5,3,61.7
3,"Uni C","STEM","Biology",21,"Female",2.89,"High",0.39,-0.45,"High","STEM.Medium.High","Silence",1,34.4,36.7,1,81
4,"Uni B","STEM","Chemistry",23,"Male",3,"Medium",-0.55,0.05,"High","STEM.Medium.Medium","Silence",0,,,,
5,"Uni C","STEM","Physics",20,"Female",2.51,"Low",-0.15,0,"High","STEM.Low.Low","Silence",1,28.8,50,1,70.4
6,"Uni B","Humanities","Creative Writing",22,"Female",1.72,"High",2.42,-0.3,"High","Humanities.Low.High","Lyrical Music",1,39.6,19.6,4,76.9
7,"Uni B","STEM","Biology",18,"Male",2.72,"Low",-0.48,-0.63,"High","STEM.Medium.Low","Silence",1,31.8,31.9,1,80.3
8,"Uni B","Humanities","Cultural Studies",18,"Male",3.62,"Medium",-0.42,0.43,"High","Humanities.High.Medium","Lyrical Music",1,50,33,4,79.9
9,"Uni C","Humanities","Creative Writing",19,"Male",2.62,"Low",1.28,-0.5,"High","Humanities.Medium.Low","Lyrical Music",0,,,,
10,"Uni A","Humanities","History",20,"Female",,"Medium",-1.34,1.02,"High","Humanities.Low.Medium","Lyrical Music",1,39.6,28,2,73.5
11,"Uni D","STEM","Physics",19,"Male",3.02,"Medium",0.08,-0.15,"Low","STEM.Medium.Medium","Lyrical Music",1,22.5,43.4,2,73.8
12,"Uni B","STEM","Biology",22,"Female",3.49,"Low",1.02,-0.23,"High","STEM.High.Low","Silence",1,36.2,29.6,3,77.3
13,"Uni B","Humanities","Cultural Studies",21,"Male",2.38,"Medium",0.47,0.01,"High","Humanities.Low.Medium","Lyrical Music",1,39.2,26.9,1,76.8
14,"Uni A","Humanities","History",19,"Male",3.02,"Medium",0.85,-0.27,"High","Humanities.Medium.Medium","Silence",1,43.8,35.1,4,81.2
15,"Uni B","STEM","Chemistry",19,"Male",1.78,"High",-0.64,0.14,"High","STEM.Low.High","Lyrical Music",1,18.3,38.5,4,63.9
16,"Uni C","STEM","Biology",19,"Female",3.06,"Medium",0.9,0.47,"High","STEM.Medium.Medium","Silence",1,33.9,50,1,63
17,"Uni D","STEM","Chemistry",21,"Male",3.32,"Low",0.97,0.43,"Low","STEM.High.Low","Lyrical Music",1,37.1,33.3,1,89.5
18,"Uni A","STEM","Biology",19,"Female",3.04,"Low",-2.06,-0.49,"High","STEM.Medium.Low","Lyrical Music",1,24,27.9,2,64.7
19,"Uni C","Humanities","Cultural Studies",18,"Female",2.7,"Medium",0.67,-1.13,"Low","Humanities.Medium.Medium","Silence",1,31.5,31.2,2,74.4
20,"Uni C","Humanities","Creative Writing",20,"Female",2.06,"Medium",-0.35,0.03,"High","Humanities.Low.Medium","Lyrical Music",1,20,23.1,3,63.1
21,"Uni A","STEM","Chemistry",18,"Female",3.05,"Low",-0.36,-0.66,"High","STEM.Medium.Low","Lyrical Music",1,47.1,38.2,1,75.5
22,"Uni D","Humanities","History",21,"Female",,"Low",0.1,-0.58,"Low","Humanities.Medium.Low","Silence",1,42.8,19.1,5,72.3
23,"Uni A","STEM","Biology",19,"Male",,"Medium",-0.24,-0.18,"High","STEM.Low.Medium","Silence",1,45.5,50,2,64.9
24,"Uni A","Humanities","History",22,"Female",2.99,"Medium",0.51,-1.42,"High","Humanities.Medium.Medium","Silence",1,35.3,33.9,1,64.9
25,"Uni A","Humanities","Creative Writing",23,"Female",2.33,"Medium",1.63,-0.79,"High","Humanities.Low.Medium","Lyrical Music",1,49.2,23.2,1,71.3
26,"Uni C","Humanities","Cultural Studies",19,"Male",2.4,"High",0.35,-0.48,"High","Humanities.Low.High","Lyrical Music",1,40.2,20.7,4,76.2
27,"Uni D","Humanities","Cultural Studies",18,"Male",3.24,"Medium",-1.4,0.74,"High","Humanities.High.Medium","Lyrical Music",1,27.8,39.7,3,77.7
28,"Uni B","Humanities","Creative Writing",20,"Male",3.35,"Low",0.9,-0.99,"Low","Humanities.High.Low","Lyrical Music",1,28.9,33.9,5,71.7
29,"Uni C","Humanities","Creative Writing",20,"Female",3.22,"Medium",0.18,1.42,"High","Humanities.High.Medium","Silence",1,34.2,17.4,1,74
30,"Uni B","Humanities","History",25,"Female",3.74,"Medium",2.59,0.68,"High","Humanities.High.Medium","Lyrical Music",1,48.4,50,2,72
31,"Uni A","STEM","Physics",19,"Male",2.99,"Medium",-0.95,0.95,"Low","STEM.Medium.Medium","Silence",1,48.9,31.5,4,69.2
32,"Uni B","Humanities","History",20,"Male",,"Medium",0.1,0.73,"High","Humanities.Low.Medium","Silence",1,31.6,20.7,1,62.4
33,"Uni C","STEM","Physics",22,"Male",2.28,"High",0.52,1.01,"High","STEM.Low.High","Lyrical Music",1,28.7,36.3,3,72.4
34,"Uni D","STEM","Physics",20,"Male",3.33,"Medium",0.59,1.05,"High","STEM.High.Medium","Lyrical Music",1,48.6,23.4,2,67.8
35,"Uni B","Humanities","Cultural Studies",20,"Female",3.12,"Medium",-0.5,-1.78,"High","Humanities.Medium.Medium","Silence",1,28.4,41.7,4,79.4
36,"Uni A","STEM","Physics",18,"Male",2.22,"Low",-0.82,-0.45,"Low","STEM.Low.Low","Lyrical Music",1,24.8,35.7,5,90.7
37,"Uni C","STEM","Biology",23,"Male",1.5,"Medium",1.28,0.55,"Low","STEM.Low.Medium","Lyrical Music",1,32,18.4,3,86.9
38,"Uni C","Humanities","History",20,"Female",3.04,"High",-1.06,0.93,"High","Humanities.Medium.High","Lyrical Music",1,47.3,41.7,4,75
39,"Uni A","Humanities","History",18,"Female",3.56,"Medium",0.11,0.73,"High","Humanities.High.Medium","Silence",1,23.2,25.6,1,81.1
40,"Uni D","Humanities","Creative Writing",19,"Male",3.45,"High",0.53,0.11,"High","Humanities.High.High","Silence",1,47,30.7,2,81
41,"Uni C","STEM","Biology",23,"Female",1.91,"High",0.71,-0.48,"High","STEM.Low.High","Lyrical Music",1,22.7,28,5,84.7
42,"Uni D","Humanities","Cultural Studies",19,"Female",3.23,"Medium",2.15,1.86,"High","Humanities.High.Medium","Silence",1,40.7,31.1,1,87.2
43,"Uni B","STEM","Chemistry",20,"Female",2.42,"Medium",-1.91,0.84,"High","STEM.Low.Medium","Silence",1,37.4,27.8,4,71.5
44,"Uni A","Humanities","History",19,"Male",2.61,"Medium",-0.34,0.52,"High","Humanities.Low.Medium","Lyrical Music",1,35.8,45.8,2,82.2
45,"Uni C","Humanities","History",21,"Male",3.72,"Low",-2.07,-0.6,"High","Humanities.High.Low","Silence",1,39.2,24.6,1,75.8
46,"Uni A","Humanities","Cultural Studies",18,"Female",,"Low",-1,-0.2,"High","Humanities.Low.Low","Silence",1,23.8,25.4,1,63.7
47,"Uni A","STEM","Physics",19,"Male",1.5,"Low",0.56,-0.15,"High","STEM.Low.Low","Silence",1,38.3,23.2,1,73.1
48,"Uni B","STEM","Chemistry",18,"Female",3.41,"Medium",-1.94,0.04,"High","STEM.High.Medium","Silence",1,44.5,38.3,1,75.7
49,"Uni C","Humanities","Cultural Studies",22,"Female",3.02,"High",0.79,-0.56,"High","Humanities.Medium.High","Silence",1,33.4,19.9,1,68.2
50,"Uni C","STEM","Chemistry",19,"Female",2.51,"High",-1.13,0.07,"Low","STEM.Low.High","Lyrical Music",1,36.6,29.8,3,83.9
51,"Uni D","Humanities","History",18,"Female",2.71,"Medium",0.57,1.96,"High","Humanities.Medium.Medium","Silence",1,50,35.6,1,83
52,"Uni A","Humanities","Cultural Studies",22,"Female",3.2,"High",-0.93,0.35,"High","Humanities.High.High","Silence",1,42.4,32.7,4,87.7
53,"Uni C","STEM","Chemistry",19,"Female",2.57,"High",-0.41,-2.6,"Low","STEM.Low.High","Silence",1,38,23.9,1,91.8
54,"Uni A","Humanities","Creative Writing",23,"Male",3.01,"Medium",0.16,0.34,"High","Humanities.Medium.Medium","Silence",1,45.9,32.8,1,73.1
55,"Uni C","STEM","Biology",18,"Male",2.32,"Medium",-0.58,1.24,"High","STEM.Low.Medium","Lyrical Music",1,41.3,41.9,3,78.1
56,"Uni D","Humanities","Creative Writing",19,"Female",2.94,"Low",0.54,0.03,"Low","Humanities.Medium.Low","Lyrical Music",1,39.3,44.6,5,80.2
57,"Uni B","Humanities","Creative Writing",18,"Male",3.16,"Low",0.57,-0.26,"High","Humanities.Medium.Low","Silence",1,38.1,17.9,3,69.2
58,"Uni A","Humanities","Creative Writing",18,"Female",2.57,"Medium",-0.23,-0.31,"Low","Humanities.Low.Medium","Silence",1,38.5,32.4,2,88.6
59,"Uni B","STEM","Biology",21,"Female",,"High",-1.97,1.6,"Low","STEM.Low.High","Lyrical Music",1,34.6,40.6,2,76.1
60,"Uni A","Humanities","History",18,"Female",2.4,"Low",0.22,0.63,"High","Humanities.Low.Low","Silence",1,33.7,4.3,2,75.6
61,"Uni A","STEM","Physics",19,"Male",2.63,"Medium",-1.7,-0.33,"Low","STEM.Medium.Medium","Silence",1,34.3,30.1,1,69.2
62,"Uni D","STEM","Chemistry",19,"Male",3.28,"Medium",1.13,1.17,"Low","STEM.High.Medium","Silence",1,48.4,39.7,4,86.2
63,"Uni D","STEM","Chemistry",20,"Male",3.58,"High",0.28,,"Low","STEM.High.High","Silence",1,33.1,43.8,4,72.4
64,"Uni C","Humanities","History",20,"Male",2.48,"Low",0.83,-1.01,"High","Humanities.Low.Low","Lyrical Music",1,33.2,18.6,3,75.1
65,"Uni A","STEM","Biology",25,"Female",,"High",0.53,0.74,"Low","STEM.High.High","Lyrical Music",1,39,34.4,4,79.5
66,"Uni B","STEM","Chemistry",19,"Female",3.57,"Medium",-0.01,0.28,"High","STEM.High.Medium","Silence",1,46,14.5,1,88.2
67,"Uni A","Humanities","Cultural Studies",21,"Female",3.06,"Low",-0.2,0.42,"High","Humanities.Medium.Low","Lyrical Music",1,27.4,33.7,2,85.5
68,"Uni A","Humanities","Cultural Studies",25,"Female",3.03,"Low",-0.52,2.42,"High","Humanities.Medium.Low","Silence",1,44.6,47.6,4,82.2
69,"Uni C","STEM","Physics",20,"Female",2.76,"Low",-0.6,-0.55,"Low","STEM.Medium.Low","Silence",1,32.8,31.9,1,72
70,"Uni A","STEM","Biology",19,"Male",1.87,"Low",-0.75,-0.32,"High","STEM.Low.Low","Lyrical Music",1,23,44.2,4,80.3
71,"Uni B","Humanities","History",21,"Female",3.65,"Medium",1.41,0.99,"High","Humanities.High.Medium","Lyrical Music",1,50,28.9,1,85.6
72,"Uni A","STEM","Chemistry",18,"Female",1.5,"Medium",-0.64,1.01,"High","STEM.Low.Medium","Lyrical Music",1,34.3,38.9,3,79.6
73,"Uni C","STEM","Physics",20,"Male",2.47,"Low",0.16,-2.35,"High","STEM.Low.Low","Lyrical Music",0,,,,
74,"Uni A","STEM","Physics",19,"Female",2.88,"Medium",0.44,-0.18,"High","STEM.Medium.Medium","Silence",1,37.8,37.9,2,87.8
75,"Uni C","Humanities","Cultural Studies",19,"Female",2.59,"Medium",-2.24,-0.43,"Low","Humanities.Low.Medium","Lyrical Music",1,40.1,28,5,83.2
76,"Uni B","STEM","Physics",18,"Other/Prefer not to say",3.36,"High",-0.82,1.32,"High","STEM.High.High","Silence",1,50,43,3,83.1
77,"Uni D","Humanities","History",23,"Female",1.85,"Low",-1,0.17,"High","Humanities.Low.Low","Lyrical Music",1,31,28.6,4,84.8
78,"Uni C","Humanities","Creative Writing",20,"Other/Prefer not to say",2.17,"Low",0.29,-1.11,"High","Humanities.Low.Low","Silence",1,40.7,36.5,1,66.2
79,"Uni D","Humanities","Creative Writing",20,"Female",3.61,"Medium",-0.24,0.08,"Low","Humanities.High.Medium","Lyrical Music",1,48.5,38.2,3,72.7
80,"Uni D","STEM","Physics",20,"Male",3.37,"Medium",-0.25,-0.2,"High","STEM.High.Medium","Lyrical Music",0,,,,
81,"Uni B","Humanities","History",21,"Male",2.95,"Medium",0.32,-1.41,"High","Humanities.Medium.Medium","Lyrical Music",1,50,37,2,90.9
82,"Uni B","STEM","Biology",20,"Female",3.37,"Medium",-0.41,-0.62,"High","STEM.High.Medium","Lyrical Music",1,35.5,32.3,5,77
83,"Uni C","Humanities","History",20,"Male",3.7,"High",-0.41,,"High","Humanities.High.High","Lyrical Music",0,,,,
84,"Uni D","Humanities","Creative Writing",18,"Male",3.24,"Low",0.65,,"Low","Humanities.High.Low","Silence",1,39.6,33.7,2,64
85,"Uni B","STEM","Physics",20,"Female",3.02,"Low",-1.59,-1.3,"High","STEM.Medium.Low","Lyrical Music",1,37.8,15.1,2,69
86,"Uni B","Humanities","Cultural Studies",20,"Female",3.61,"Medium",0.39,-0.92,"High","Humanities.High.Medium","Lyrical Music",1,50,41.8,1,75
87,"Uni C","Humanities","Cultural Studies",20,"Female",2.91,"Medium",-0.9,0.44,"High","Humanities.Medium.Medium","Lyrical Music",1,34.7,16,2,73
88,"Uni C","Humanities","History",20,"Male",3.46,"Low",-1.13,0.69,"High","Humanities.High.Low","Lyrical Music",1,37.2,25.3,5,89.5
89,"Uni D","STEM","Biology",18,"Other/Prefer not to say",3.77,"Low",0.01,0.24,"Low","STEM.High.Low","Lyrical Music",1,44.8,46,5,70.9
90,"Uni A","STEM","Physics",18,"Female",3.3,"High",1.14,0.38,"High","STEM.High.High","Silence",1,23.5,26.3,3,69.4
91,"Uni B","STEM","Biology",20,"Male",3.37,"Medium",0.71,1.14,"Low","STEM.High.Medium","Silence",1,47.2,44.6,1,66.9
92,"Uni B","STEM","Biology",21,"Male",3.15,"Medium",-1.01,-0.11,"Low","STEM.Medium.Medium","Lyrical Music",1,24.7,21.3,4,84.2
93,"Uni A","STEM","Biology",18,"Male",2.5,"Medium",1.21,0.39,"High","STEM.Low.Medium","Silence",1,38.1,24.4,1,82.6
94,"Uni B","STEM","Physics",21,"Male",3.1,"Medium",-0.11,0.4,"Low","STEM.Medium.Medium","Lyrical Music",1,47.2,40.8,5,64.3
95,"Uni D","STEM","Physics",19,"Male",3.2,"Medium",0.55,1.82,"Low","STEM.High.Medium","Silence",0,,,,
96,"Uni A","Humanities","History",25,"Female",3.47,"Low",1.38,0.44,"Low","Humanities.High.Low","Silence",0,,,,
97,"Uni A","STEM","Biology",19,"Male",3.64,"Medium",-0.16,-0.82,"High","STEM.High.Medium","Silence",1,31.9,29.9,1,89
98,"Uni B","STEM","Chemistry",20,"Male",2.45,"High",-1.01,0.17,"Low","STEM.Low.High","Silence",1,34.1,32.1,5,68.6
99,"Uni C","STEM","Physics",19,"Female",1.5,"High",0.64,0.2,"Low","STEM.Low.High","Lyrical Music",1,22.6,42.5,3,62.5
100,"Uni C","STEM","Biology",20,"Female",2.58,"Low",-0.38,-0.01,"Low","STEM.Low.Low","Silence",1,34.2,36.2,2,76
101,"Uni A","Humanities","Cultural Studies",18,"Male",2.5,"High",-1.98,-0.7,"Low","Humanities.Low.High","Silence",1,35.1,36.3,1,85.9
102,"Uni D","Humanities","Creative Writing",20,"Male",2.83,"Medium",0.39,0.46,"Low","Humanities.Medium.Medium","Silence",1,34.2,40.6,3,68.8
103,"Uni B","STEM","Physics",24,"Female",2.48,"Medium",0.12,-1.09,"High","STEM.Low.Medium","Lyrical Music",1,37.9,36.2,4,68.3
104,"Uni A","Humanities","Creative Writing",20,"Male",3.71,"Medium",-0.74,-0.03,"High","Humanities.High.Medium","Silence",1,39.9,35.4,3,86.3
105,"Uni D","Humanities","History",19,"Male",3.76,"Medium",0.76,-0.11,"High","Humanities.High.Medium","Lyrical Music",1,31,22.8,3,71
106,"Uni B","STEM","Biology",18,"Female",2.96,"Low",-1.43,,"High","STEM.Medium.Low","Lyrical Music",1,27.4,26.3,2,70
107,"Uni A","STEM","Physics",18,"Female",3.44,"Medium",-0.84,-0.55,"High","STEM.High.Medium","Silence",1,31.7,34.9,1,75.1
108,"Uni C","Humanities","History",18,"Male",2.35,"Medium",0.31,1.47,"High","Humanities.Low.Medium","Silence",1,34.3,8.6,2,73.4
109,"Uni C","Humanities","Creative Writing",18,"Female",3.12,"Low",-1.04,0,"High","Humanities.Medium.Low","Silence",1,34.6,32.4,1,78.7
110,"Uni D","STEM","Chemistry",19,"Female",2.96,"High",-0.19,-0.1,"High","STEM.Medium.High","Silence",1,28.1,43.7,4,84.6
111,"Uni D","STEM","Physics",21,"Female",3.33,"Low",-1.58,0.98,"Low","STEM.High.Low","Silence",1,26.6,31.6,1,67.8
112,"Uni B","Humanities","History",19,"Male",2.92,"Low",1.19,1.12,"High","Humanities.Medium.Low","Silence",1,40.6,48.5,1,61.9
113,"Uni D","Humanities","Creative Writing",21,"Female",3.6,"High",1.78,0.31,"High","Humanities.High.High","Lyrical Music",1,44.6,30.6,2,84.1
114,"Uni C","STEM","Physics",20,"Male",1.7,"Medium",1.06,1.18,"Low","STEM.Low.Medium","Silence",1,46.7,9.3,3,92.3
115,"Uni A","STEM","Physics",19,"Male",3.76,"Low",1.44,0.03,"High","STEM.High.Low","Lyrical Music",0,,,,
116,"Uni B","STEM","Chemistry",18,"Female",3.53,"Low",-0.59,1.81,"High","STEM.High.Low","Lyrical Music",1,41,28.8,4,83
117,"Uni B","Humanities","Cultural Studies",20,"Female",2.35,"High",1.41,,"High","Humanities.Low.High","Silence",1,33.6,41.5,2,74.4
118,"Uni D","Humanities","Cultural Studies",18,"Male",,"Medium",0.45,-0.11,"High","Humanities.Low.Medium","Silence",0,,,,
119,"Uni C","Humanities","Cultural Studies",21,"Female",2.09,"High",-1.21,0.44,"Low","Humanities.Low.High","Silence",1,20.9,40.4,1,74.6
120,"Uni B","Humanities","Creative Writing",18,"Female",3.4,"Low",-0.32,-0.39,"High","Humanities.High.Low","Lyrical Music",1,27.6,26,5,83.1
121,"Uni A","STEM","Biology",20,"Male",3.68,"Medium",1.65,-0.12,"High","STEM.High.Medium","Silence",1,50,43.2,2,81.7
122,"Uni D","Humanities","History",21,"Female",1.96,"High",0.37,-1.55,"High","Humanities.Low.High","Lyrical Music",1,42.4,28.9,2,80.4
123,"Uni C","Humanities","Cultural Studies",19,"Male",2.36,"Low",0.08,-1.02,"High","Humanities.Low.Low","Lyrical Music",1,34,21,3,78.9
124,"Uni C","Humanities","Creative Writing",18,"Male",3.46,"Medium",1.07,-0.3,"Low","Humanities.High.Medium","Lyrical Music",1,34.1,35.8,1,80.8
125,"Uni C","STEM","Physics",21,"Female",3.76,"Medium",-1.31,0.35,"Low","STEM.High.Medium","Silence",1,32.5,31.5,1,76.1
126,"Uni B","STEM","Biology",18,"Female",2.14,"Medium",0.98,-0.22,"High","STEM.Low.Medium","Silence",1,34.1,32.5,3,71.4
127,"Uni B","STEM","Chemistry",19,"Male",2.94,"Medium",-0.86,-0.85,"High","STEM.Medium.Medium","Silence",1,30,35.8,1,81.5
128,"Uni C","STEM","Physics",20,"Female",2.1,"High",-1.78,1.28,"High","STEM.Low.High","Silence",1,28.2,35.3,1,78.3
129,"Uni A","Humanities","History",19,"Male",3.12,"Medium",0.23,-0.51,"High","Humanities.Medium.Medium","Silence",1,50,23.7,3,92
130,"Uni A","Humanities","Cultural Studies",19,"Female",1.87,"High",1.26,1.21,"Low","Humanities.Low.High","Silence",1,44.2,22.7,4,77
131,"Uni D","STEM","Biology",21,"Male",2.53,"Low",-0.71,-0.16,"High","STEM.Low.Low","Silence",1,50,9.9,1,76.4
132,"Uni C","STEM","Chemistry",20,"Female",2.42,"High",-1.5,,"High","STEM.Low.High","Lyrical Music",1,37.5,40.5,5,87
133,"Uni B","Humanities","History",18,"Male",3.57,"Medium",0.63,-1.17,"High","Humanities.High.Medium","Lyrical Music",1,36.9,28.5,4,68.6
134,"Uni B","Humanities","Cultural Studies",25,"Male",3.27,"High",-0.88,0.49,"High","Humanities.High.High","Lyrical Music",1,40.2,25.6,4,84.8
135,"Uni B","Humanities","Creative Writing",18,"Female",3.2,"High",-0.55,0.96,"Low","Humanities.High.High","Lyrical Music",1,38.7,41.3,3,68.9
136,"Uni D","STEM","Physics",18,"Female",3,"Medium",0.61,0.06,"High","STEM.Medium.Medium","Silence",1,47.5,50,1,83.4
137,"Uni B","STEM","Chemistry",18,"Female",3.61,"Medium",0.68,2.1,"High","STEM.High.Medium","Silence",1,38.9,42.2,5,79.2
138,"Uni B","STEM","Biology",19,"Female",2.31,"Medium",-0.32,1.86,"High","STEM.Low.Medium","Lyrical Music",1,50,40.2,5,80.3
139,"Uni B","Humanities","Creative Writing",19,"Male",3.38,"Low",1.25,0.66,"High","Humanities.High.Low","Silence",1,33.7,42.3,3,60.9
140,"Uni C","STEM","Chemistry",19,"Female",2.6,"High",-0.4,0,"High","STEM.Low.High","Lyrical Music",1,30.7,47.3,3,66.2
141,"Uni D","STEM","Physics",18,"Female",3.68,"Low",0.81,0.54,"Low","STEM.High.Low","Silence",1,33.9,35.4,3,90.8
142,"Uni D","STEM","Biology",22,"Female",3.39,"Medium",0.08,-0.54,"High","STEM.High.Medium","Lyrical Music",1,31.9,30.4,4,76.4
143,"Uni B","STEM","Biology",20,"Male",2.37,"Medium",1.22,,"High","STEM.Low.Medium","Silence",1,48.1,32,3,61.7
144,"Uni A","Humanities","Creative Writing",18,"Male",2.78,"Low",0.95,1.71,"Low","Humanities.Medium.Low","Lyrical Music",1,28.6,31.8,1,71.3
145,"Uni B","Humanities","Cultural Studies",23,"Female",3.5,"Medium",0.14,-0.63,"High","Humanities.High.Medium","Silence",1,44.5,36.2,1,72.3
146,"Uni B","STEM","Physics",19,"Female",3.27,"High",-0.28,-0.16,"High","STEM.High.High","Silence",1,21.4,35.5,1,89.6
147,"Uni B","STEM","Biology",20,"Male",3.42,"Low",1.05,-0.28,"High","STEM.High.Low","Lyrical Music",1,25.1,34.7,1,74
148,"Uni C","STEM","Physics",21,"Male",2.46,"Medium",-0.21,-0.32,"Low","STEM.Low.Medium","Lyrical Music",1,36.2,13.3,5,90.7
149,"Uni D","Humanities","History",20,"Other/Prefer not to say",2.69,"Low",0.6,-0.51,"High","Humanities.Medium.Low","Silence",1,27.6,32.2,2,77.7
150,"Uni B","Humanities","Cultural Studies",18,"Male",3.1,"Medium",-1.58,-0.98,"High","Humanities.Medium.Medium","Silence",1,34.8,21.1,1,65.9
151,"Uni C","STEM","Physics",19,"Female",1.53,"Medium",0.39,-1.39,"High","STEM.Low.Medium","Silence",1,24.9,33.9,2,77.3
152,"Uni B","Humanities","History",24,"Male",2.96,"Medium",-0.9,0.5,"Low","Humanities.Medium.Medium","Lyrical Music",1,32.4,25.2,1,74.9
153,"Uni C","Humanities","Creative Writing",18,"Female",1.5,"Low",0.81,0.82,"Low","Humanities.Low.Low","Lyrical Music",1,21.4,18.8,1,81.6
154,"Uni D","STEM","Chemistry",21,"Female",,"Low",1.7,0.5,"High","STEM.Low.Low","Silence",1,37,22.4,5,76.6
155,"Uni A","Humanities","Cultural Studies",19,"Male",3.32,"High",-1.55,0.37,"High","Humanities.High.High","Silence",1,41,34.2,2,72.5
156,"Uni C","STEM","Biology",18,"Other/Prefer not to say",3.42,"Medium",1.02,-1.15,"Low","STEM.High.Medium","Lyrical Music",1,28.6,25.6,3,91.5
157,"Uni C","Humanities","Cultural Studies",18,"Female",3.28,"Medium",-0.25,1.12,"Low","Humanities.High.Medium","Lyrical Music",1,17.2,44.2,5,67.4
158,"Uni C","Humanities","Cultural Studies",20,"Female",2.47,"Medium",-1.3,0.38,"Low","Humanities.Low.Medium","Silence",1,31.4,31.7,1,65
159,"Uni A","STEM","Physics",18,"Female",3.11,"Low",0.14,1.25,"Low","STEM.Medium.Low","Silence",1,13.9,42.5,3,69.1
160,"Uni C","Humanities","History",19,"Female",3.15,"High",0.62,-0.26,"High","Humanities.Medium.High","Lyrical Music",1,31.5,18.9,3,71.4
161,"Uni C","STEM","Biology",19,"Female",3.5,"High",-1.01,-1.3,"High","STEM.High.High","Silence",1,41.5,26.3,1,65.7
162,"Uni B","STEM","Chemistry",20,"Female",1.51,"High",-0.16,1.23,"Low","STEM.Low.High","Silence",1,25.6,24.2,1,81
163,"Uni B","STEM","Biology",19,"Female",2.82,"Low",0.97,-1.12,"High","STEM.Medium.Low","Silence",1,23.3,42.1,1,69.5
164,"Uni B","Humanities","History",19,"Female",1.97,"Low",0.35,-0.26,"Low","Humanities.Low.Low","Lyrical Music",1,35.8,25.5,2,73.3
165,"Uni C","STEM","Physics",18,"Female",3.27,"High",0.17,1.28,"Low","STEM.High.High","Silence",1,21.1,41.8,3,68.6
166,"Uni D","Humanities","History",23,"Female",3.47,"Medium",-1.25,-0.17,"Low","Humanities.High.Medium","Silence",1,26.8,42.4,2,80.2
167,"Uni C","Humanities","Creative Writing",18,"Male",3.57,"High",-0.98,-0.48,"High","Humanities.High.High","Silence",1,42.9,31.1,1,83.1
168,"Uni C","Humanities","Cultural Studies",18,"Female",2.46,"Low",0.44,0.81,"High","Humanities.Low.Low","Silence",1,20.6,27,4,76.2
169,"Uni B","Humanities","History",23,"Female",3.01,"Medium",-0.62,-0.87,"High","Humanities.Medium.Medium","Lyrical Music",1,38.1,43.1,3,80.9
170,"Uni A","Humanities","Creative Writing",19,"Male",3.3,"Medium",-2.3,-0.67,"Low","Humanities.High.Medium","Silence",1,39.2,41.8,1,70.5
171,"Uni B","STEM","Physics",21,"Female",,"High",0.54,0.74,"Low","STEM.Low.High","Silence",1,40.9,30.4,1,72.1
172,"Uni D","STEM","Biology",19,"Male",2.8,"High",1.95,0.01,"Low","STEM.Medium.High","Lyrical Music",1,46.6,35.3,4,80.5
173,"Uni D","STEM","Physics",19,"Female",3.37,"Low",1.23,-0.06,"Low","STEM.High.Low","Lyrical Music",1,21.5,28.4,2,79.7
174,"Uni D","STEM","Biology",18,"Female",3.73,"Medium",-0.4,-2.2,"Low","STEM.High.Medium","Lyrical Music",1,29.2,48.3,1,62.9
175,"Uni A","STEM","Chemistry",18,"Female",2.03,"Low",-1.23,0.8,"High","STEM.Low.Low","Silence",1,15.9,38.8,2,84.2
176,"Uni C","Humanities","Cultural Studies",18,"Male",3.59,"Low",-0.32,0.64,"Low","Humanities.High.Low","Silence",1,50,38.8,5,70.1
177,"Uni C","STEM","Biology",20,"Female",,"High",0.43,-1.81,"High","STEM.Low.High","Lyrical Music",1,44.4,25.1,5,71.4
178,"Uni D","Humanities","Cultural Studies",19,"Male",1.91,"High",-0.09,-0.25,"High","Humanities.Low.High","Silence",1,45.7,14.1,1,74.8
179,"Uni D","Humanities","History",20,"Female",3.1,"High",0.13,-0.14,"High","Humanities.Medium.High","Silence",1,41.6,49.2,1,65
180,"Uni B","STEM","Chemistry",19,"Female",2.55,"Low",0.86,-1.95,"Low","STEM.Low.Low","Silence",1,28.8,31.2,2,80.9
181,"Uni D","STEM","Biology",18,"Male",3.15,"High",-0.84,-1.15,"Low","STEM.Medium.High","Silence",1,32.4,24.2,2,73.4
182,"Uni A","Humanities","History",18,"Female",2.24,"Low",0.29,-0.12,"High","Humanities.Low.Low","Silence",1,48,30.7,2,75.5
183,"Uni C","STEM","Chemistry",18,"Male",2.43,"Medium",0.52,-0.61,"Low","STEM.Low.Medium","Lyrical Music",1,26.3,25.6,1,74.6
184,"Uni A","Humanities","History",23,"Male",2.22,"High",1.65,0.14,"High","Humanities.Low.High","Silence",1,28.2,40,3,78.9
185,"Uni C","Humanities","History",19,"Female",2.78,"Medium",-2.93,-1.67,"Low","Humanities.Medium.Medium","Lyrical Music",1,34.9,33,5,81.7
186,"Uni B","STEM","Physics",20,"Male",3.33,"Medium",-0.4,-1,"High","STEM.High.Medium","Lyrical Music",1,23.9,50,4,84.4
187,"Uni B","Humanities","Creative Writing",20,"Male",2.74,"Low",-2.73,1.54,"Low","Humanities.Medium.Low","Lyrical Music",1,25.7,18.1,5,71.3
188,"Uni A","STEM","Physics",25,"Male",3.11,"Medium",-0.46,0.23,"High","STEM.Medium.Medium","Lyrical Music",1,41.5,32,4,86.3
189,"Uni C","Humanities","Cultural Studies",18,"Male",2.96,"High",0.94,-1.35,"High","Humanities.Medium.High","Lyrical Music",1,50,38.3,3,81.4
190,"Uni B","Humanities","History",21,"Male",2.58,"Medium",-0.34,-1.12,"Low","Humanities.Low.Medium","Silence",1,28.1,41.3,2,62.9
191,"Uni D","STEM","Chemistry",18,"Female",2.62,"Medium",-0.3,,"Low","STEM.Medium.Medium","Lyrical Music",1,20.4,20.7,3,68.8
192,"Uni A","STEM","Chemistry",19,"Male",2.57,"High",0.74,-0.85,"High","STEM.Low.High","Silence",1,28.4,34.2,4,79.5
193,"Uni C","Humanities","History",18,"Female",3,"High",-0.7,-1.4,"Low","Humanities.Medium.High","Lyrical Music",1,50,22.2,3,71.7
194,"Uni D","STEM","Chemistry",25,"Male",3.04,"Low",1.22,1.07,"High","STEM.Medium.Low","Lyrical Music",1,41,24.8,5,58.1
195,"Uni D","STEM","Biology",19,"Male",3.62,"Medium",1.32,0.26,"Low","STEM.High.Medium","Silence",0,,,,
196,"Uni C","STEM","Chemistry",25,"Male",2.66,"Medium",0.14,0.66,"Low","STEM.Medium.Medium","Lyrical Music",0,,,,
197,"Uni C","STEM","Biology",18,"Female",2.37,"High",0.44,-0.82,"High","STEM.Low.High","Lyrical Music",1,20.1,13.4,5,83.7
198,"Uni D","STEM","Biology",18,"Male",2.47,"Medium",2.01,-0.17,"High","STEM.Low.Medium","Silence",1,36.2,38.9,4,62.8
199,"Uni A","Humanities","Creative Writing",19,"Female",2.69,"Medium",0.63,-1.84,"High","Humanities.Medium.Medium","Silence",1,50,31.7,5,80.2
200,"Uni D","Humanities","Cultural Studies",20,"Male",3.09,"Medium",-0.11,0.09,"Low","Humanities.Medium.Medium","Silence",1,28.7,38.5,1,70.7
201,"Uni B","Humanities","History",20,"Male",2.76,"Medium",0.5,0.42,"Low","Humanities.Medium.Medium","Lyrical Music",1,27,39.8,4,71.3
202,"Uni B","Humanities","Cultural Studies",19,"Male",2.8,"High",0.5,1.07,"High","Humanities.Medium.High","Silence",1,50,11.6,2,70.8
203,"Uni D","Humanities","Creative Writing",21,"Male",2.64,"High",-1.64,-0.3,"Low","Humanities.Medium.High","Silence",1,50,23.3,1,74
204,"Uni A","STEM","Biology",20,"Female",2.57,"Low",0.66,-0.79,"High","STEM.Low.Low","Lyrical Music",1,11,27.8,4,72.9
205,"Uni D","STEM","Biology",20,"Female",2.63,"Medium",1.15,-0.12,"Low","STEM.Medium.Medium","Silence",1,33,33.6,1,73.7
206,"Uni D","STEM","Chemistry",20,"Female",,"Medium",1.19,,"High","STEM.Low.Medium","Lyrical Music",1,36.3,50,3,68.4
207,"Uni B","STEM","Physics",18,"Female",2.99,"High",0.12,0.14,"High","STEM.Medium.High","Silence",1,40.7,38,1,77.1
208,"Uni C","Humanities","Cultural Studies",18,"Male",3.48,"High",0.2,0.06,"High","Humanities.High.High","Silence",1,44.9,33.5,1,77.1
209,"Uni D","STEM","Physics",21,"Male",2.81,"High",-0.08,0,"High","STEM.Medium.High","Silence",1,32.6,27.9,4,76.6
210,"Uni D","Humanities","Creative Writing",20,"Female",3.26,"High",0.14,0.01,"High","Humanities.High.High","Silence",1,50,36.3,1,72.6
211,"Uni D","Humanities","Cultural Studies",24,"Male",2.5,"Medium",0.63,-0.02,"Low","Humanities.Low.Medium","Lyrical Music",1,22.2,35.6,2,78.5
212,"Uni C","STEM","Biology",24,"Male",3.2,"Low",-1.36,0.03,"High","STEM.High.Low","Lyrical Music",1,28.7,43.1,2,65.3
213,"Uni A","STEM","Physics",21,"Female",3.1,"Low",1.95,-1.43,"High","STEM.Medium.Low","Lyrical Music",0,,,,
214,"Uni D","STEM","Physics",19,"Male",3.16,"Low",0.36,1.11,"Low","STEM.Medium.Low","Lyrical Music",1,12.5,46.4,2,63.7
215,"Uni D","STEM","Chemistry",18,"Male",3.2,"Low",0.29,0.24,"Low","STEM.High.Low","Silence",1,50,35.9,3,67.7
216,"Uni D","Humanities","History",19,"Male",2.05,"Medium",0.78,0.71,"High","Humanities.Low.Medium","Lyrical Music",1,47.3,35.4,3,71.4
217,"Uni B","Humanities","Creative Writing",21,"Female",3.3,"High",-1.61,1.86,"Low","Humanities.High.High","Lyrical Music",1,40.9,20.5,2,91.3
218,"Uni A","Humanities","History",22,"Female",2.88,"High",-0.19,0.19,"High","Humanities.Medium.High","Lyrical Music",1,38.2,30.6,5,76.4
219,"Uni B","STEM","Chemistry",22,"Male",3.46,"Medium",0.66,-0.66,"High","STEM.High.Medium","Silence",1,41.4,21.2,1,73.3
220,"Uni C","Humanities","Creative Writing",21,"Female",2.62,"High",-0.09,-0.23,"High","Humanities.Medium.High","Silence",1,29.4,36.6,1,70.1
221,"Uni D","STEM","Biology",18,"Female",2.96,"Low",-0.12,,"High","STEM.Medium.Low","Silence",1,20.7,9.3,2,68.5
222,"Uni C","STEM","Physics",18,"Male",3.56,"Medium",-0.65,-1.88,"High","STEM.High.Medium","Lyrical Music",1,45,29.4,2,74.1
223,"Uni A","STEM","Biology",19,"Male",3.24,"Low",0.77,-0.42,"Low","STEM.High.Low","Silence",1,40.2,36.8,1,84.4
224,"Uni C","STEM","Physics",20,"Male",,"Medium",-0.5,-2,"High","STEM.High.Medium","Lyrical Music",1,36.8,31.4,3,85.1
225,"Uni D","STEM","Physics",18,"Male",3.56,"High",-0.05,0.78,"Low","STEM.High.High","Lyrical Music",1,37.6,30.3,1,75.2
226,"Uni B","STEM","Biology",24,"Male",3.36,"High",0.04,-1.63,"High","STEM.High.High","Lyrical Music",1,30.1,29.7,4,76.5
227,"Uni A","STEM","Physics",18,"Female",3.84,"High",-2.18,0.71,"Low","STEM.High.High","Lyrical Music",1,41.5,37,5,79.1
228,"Uni A","STEM","Biology",22,"Male",1.58,"Medium",0.2,-0.24,"Low","STEM.Low.Medium","Silence",1,33,21.3,2,71.7
229,"Uni B","STEM","Chemistry",18,"Female",3.15,"Medium",-0.17,-0.02,"Low","STEM.Medium.Medium","Lyrical Music",1,32.3,35,5,72.9
230,"Uni C","STEM","Physics",20,"Female",2.71,"High",-0.23,0.84,"Low","STEM.Medium.High","Lyrical Music",1,41.6,40.5,5,75.3
231,"Uni A","STEM","Physics",21,"Male",2.79,"Medium",-1.17,1.53,"High","STEM.Medium.Medium","Lyrical Music",1,27,23.7,1,87.1
232,"Uni B","STEM","Chemistry",21,"Male",2.59,"High",-0.6,-0.16,"Low","STEM.Low.High","Lyrical Music",1,34.7,32.5,1,79.8
233,"Uni B","Humanities","Cultural Studies",20,"Male",2.81,"High",-2.09,-0.34,"Low","Humanities.Medium.High","Lyrical Music",1,36.5,43.8,2,79
234,"Uni A","Humanities","History",18,"Male",2.2,"Medium",-0.13,0.45,"High","Humanities.Low.Medium","Lyrical Music",1,36.3,25.4,3,94.2
235,"Uni D","Humanities","History",23,"Female",1.89,"Low",-1.25,0.56,"High","Humanities.Low.Low","Silence",1,24.1,30.2,2,70.8
236,"Uni D","STEM","Physics",20,"Male",3.26,"Medium",-0.9,0.43,"Low","STEM.High.Medium","Lyrical Music",1,33.9,42.7,2,82.5
237,"Uni D","Humanities","Cultural Studies",21,"Male",3.64,"High",1.54,1.3,"High","Humanities.High.High","Lyrical Music",1,40.4,25,1,73.7
238,"Uni B","Humanities","Creative Writing",18,"Male",2.64,"Medium",0.85,1.76,"Low","Humanities.Medium.Medium","Lyrical Music",1,31.3,29.1,2,62
239,"Uni D","STEM","Biology",18,"Male",2.91,"Medium",-1.23,-0.17,"Low","STEM.Medium.Medium","Lyrical Music",1,29.4,21.8,4,66.8
240,"Uni A","STEM","Biology",19,"Female",3.33,"Medium",-0.17,-1,"High","STEM.High.Medium","Silence",1,44.7,20.7,1,75
241,"Uni A","STEM","Chemistry",19,"Male",2.76,"Low",0.86,1.5,"High","STEM.Medium.Low","Silence",1,49.4,31.8,3,81.7
242,"Uni B","Humanities","History",21,"Female",2.03,"Low",0.1,0.4,"Low","Humanities.Low.Low","Lyrical Music",1,29.8,30.4,5,77.6
243,"Uni A","STEM","Biology",22,"Female",2.78,"Medium",-1.43,-0.68,"High","STEM.Medium.Medium","Lyrical Music",1,27.8,25.8,5,83
244,"Uni D","Humanities","Cultural Studies",18,"Male",3.53,"Low",0.15,-1.29,"Low","Humanities.High.Low","Silence",1,28.8,27.7,1,91
245,"Uni C","Humanities","History",22,"Female",2.58,"High",-0.63,0.31,"Low","Humanities.Low.High","Lyrical Music",1,42.2,29.9,3,63.3
246,"Uni A","Humanities","History",20,"Female",3.5,"High",-1.02,-0.85,"High","Humanities.High.High","Lyrical Music",1,37.4,30,3,90.2
247,"Uni A","STEM","Biology",19,"Female",2.61,"Low",-1.57,-0.23,"High","STEM.Low.Low","Silence",1,27.2,20.8,1,81.4
248,"Uni D","Humanities","Cultural Studies",20,"Male",2.67,"High",0.63,-1.71,"Low","Humanities.Medium.High","Silence",1,47.2,21.4,4,79.2
249,"Uni D","Humanities","Creative Writing",21,"Male",2.96,"Medium",0.54,0.58,"Low","Humanities.Medium.Medium","Silence",1,31.3,33.8,1,73.8
250,"Uni B","STEM","Chemistry",20,"Female",2.21,"High",0.21,2.08,"Low","STEM.Low.High","Silence",1,39.5,44.6,1,78.7
251,"Uni A","Humanities","Cultural Studies",19,"Female",,"High",-0.92,0.02,"High","Humanities.Low.High","Silence",1,50,28.8,3,87.2
252,"Uni D","Humanities","Cultural Studies",24,"Female",2.97,"High",0.26,-0.52,"Low","Humanities.Medium.High","Silence",1,34.9,17.9,1,77
253,"Uni B","STEM","Biology",18,"Female",3.63,"Medium",0.35,0.16,"High","STEM.High.Medium","Silence",1,49.5,12.3,2,87.3
254,"Uni A","Humanities","Creative Writing",18,"Female",2.85,"High",0.06,1.58,"High","Humanities.Medium.High","Silence",1,36.9,18.1,2,78.7
255,"Uni A","Humanities","History",20,"Male",2.59,"High",0.65,-0.4,"Low","Humanities.Low.High","Lyrical Music",1,39.9,20.9,1,73.6
256,"Uni A","Humanities","Cultural Studies",21,"Female",2.52,"High",-1.1,-1.33,"High","Humanities.Low.High","Silence",1,37.4,48.6,1,74.9
257,"Uni C","Humanities","Cultural Studies",18,"Female",2.69,"Low",-1.18,-0.53,"High","Humanities.Medium.Low","Lyrical Music",1,20.9,32.6,5,83.9
258,"Uni C","Humanities","Creative Writing",19,"Female",2.97,"Low",0.39,-1.22,"High","Humanities.Medium.Low","Silence",1,35.7,28.6,1,64.7
259,"Uni B","STEM","Chemistry",20,"Male",1.87,"Low",-0.13,-0.73,"Low","STEM.Low.Low","Lyrical Music",1,38.2,21.9,3,77.4
260,"Uni A","STEM","Chemistry",19,"Female",2.85,"Medium",1,-0.22,"Low","STEM.Medium.Medium","Silence",1,29.2,23.6,2,78.1
261,"Uni D","Humanities","Creative Writing",25,"Female",2.89,"Medium",-2.07,1.47,"High","Humanities.Medium.Medium","Lyrical Music",1,29.6,37.3,5,86
262,"Uni B","STEM","Physics",20,"Female",2.46,"Low",0.83,,"Low","STEM.Low.Low","Lyrical Music",1,22.2,25.5,3,62.9
263,"Uni D","Humanities","History",19,"Male",2.52,"Low",-0.69,-0.51,"High","Humanities.Low.Low","Silence",1,40.1,33.8,1,72
264,"Uni C","Humanities","Cultural Studies",18,"Female",,"High",-0.55,-0.3,"High","Humanities.Low.High","Silence",1,36.1,17,5,80.1
265,"Uni B","STEM","Chemistry",19,"Male",,"Low",0.52,0.08,"Low","STEM.Low.Low","Lyrical Music",1,31.2,38.1,3,63.5
266,"Uni C","STEM","Chemistry",18,"Female",1.98,"High",-2.21,-0.55,"High","STEM.Low.High","Lyrical Music",1,24.7,47.3,5,90.3
267,"Uni B","Humanities","History",18,"Female",2.62,"Medium",-0.12,-0.31,"Low","Humanities.Medium.Medium","Silence",1,15.7,28.2,2,67.4
268,"Uni C","Humanities","History",19,"Female",3.24,"Medium",-0.65,-0.92,"High","Humanities.High.Medium","Silence",1,35.6,20.4,2,73.3
269,"Uni A","STEM","Biology",21,"Female",3.47,"High",-0.21,,"High","STEM.High.High","Silence",1,50,42.7,1,84.5
270,"Uni A","Humanities","Cultural Studies",24,"Female",3.4,"Medium",0.06,1,"Low","Humanities.High.Medium","Silence",1,35.1,50,1,83.8
271,"Uni A","Humanities","History",19,"Female",3.36,"Low",0.04,0.6,"High","Humanities.High.Low","Silence",1,50,25.5,4,61.9
272,"Uni A","STEM","Physics",20,"Female",2.42,"High",-0.54,0.22,"High","STEM.Low.High","Silence",1,42.3,27.8,1,83.6
273,"Uni C","STEM","Physics",18,"Male",3.19,"Medium",-1.61,1.44,"Low","STEM.Medium.Medium","Silence",1,35.9,35.1,2,68.2
274,"Uni B","STEM","Physics",20,"Male",2.95,"Medium",1.73,1.57,"High","STEM.Medium.Medium","Lyrical Music",1,50,48.9,4,73.4
275,"Uni A","STEM","Chemistry",19,"Female",1.63,"Medium",-0.55,-2.94,"Low","STEM.Low.Medium","Lyrical Music",1,41.3,14.9,2,79.4
276,"Uni B","STEM","Chemistry",19,"Male",2.61,"Medium",-0.5,0.65,"High","STEM.Low.Medium","Silence",1,31.6,37.3,3,66.8
277,"Uni A","STEM","Biology",24,"Female",2.82,"Low",0.29,0.01,"High","STEM.Medium.Low","Silence",1,43.1,29.4,1,67.2
278,"Uni C","STEM","Physics",20,"Female",3.32,"High",-1.24,-1.55,"High","STEM.High.High","Lyrical Music",1,42.7,45.9,3,65.8
279,"Uni C","STEM","Chemistry",21,"Male",3.27,"High",-1.67,2.52,"Low","STEM.High.High","Lyrical Music",1,29,32.9,3,90.9
280,"Uni A","Humanities","Creative Writing",18,"Male",3.3,"Medium",1.69,0.06,"High","Humanities.High.Medium","Lyrical Music",1,45.7,35.9,4,74.1
281,"Uni D","Humanities","Cultural Studies",18,"Male",2.94,"Medium",1.34,-0.61,"Low","Humanities.Medium.Medium","Silence",1,32.4,34.3,4,64.5
282,"Uni B","STEM","Chemistry",23,"Male",3.25,"Medium",-0.33,0.59,"High","STEM.High.Medium","Silence",1,26.3,37.9,4,59.5
283,"Uni C","Humanities","Cultural Studies",21,"Female",2.71,"High",1.56,1.2,"High","Humanities.Medium.High","Lyrical Music",1,50,35.3,3,71.2
284,"Uni A","Humanities","Cultural Studies",21,"Male",,"Medium",-0.21,,"High","Humanities.Low.Medium","Lyrical Music",1,35.3,25.6,1,73.9
285,"Uni C","Humanities","Creative Writing",19,"Male",3.19,"Medium",0.67,-0.13,"High","Humanities.Medium.Medium","Lyrical Music",1,32.1,34.5,4,68.6
286,"Uni B","STEM","Biology",18,"Male",3.47,"High",-0.07,0.87,"High","STEM.High.High","Silence",1,44.8,22,5,87.1
287,"Uni D","STEM","Chemistry",19,"Female",2.67,"Medium",-0.25,0.13,"Low","STEM.Medium.Medium","Lyrical Music",1,41.5,40.5,4,91
288,"Uni D","STEM","Physics",20,"Female",2.76,"Medium",0.5,0.61,"High","STEM.Medium.Medium","Silence",1,48.7,41.9,1,80.9
289,"Uni A","Humanities","Creative Writing",18,"Male",3.39,"Medium",-0.1,-0.13,"Low","Humanities.High.Medium","Silence",1,47.1,33.1,4,82.5
290,"Uni D","STEM","Chemistry",21,"Female",2.52,"Low",-1.01,-0.69,"Low","STEM.Low.Low","Silence",1,5.4,42.5,2,76
291,"Uni A","STEM","Physics",18,"Male",2.28,"Low",-0.84,-0.75,"Low","STEM.Low.Low","Silence",1,33.4,34.4,1,88.2
292,"Uni A","STEM","Chemistry",21,"Male",3.01,"Medium",1.04,1.3,"High","STEM.Medium.Medium","Lyrical Music",1,37,20.1,1,80
293,"Uni A","STEM","Biology",21,"Female",2.58,"High",-1.54,0.22,"High","STEM.Low.High","Silence",0,,,,
294,"Uni A","STEM","Chemistry",22,"Female",3.26,"Medium",0.72,1.58,"High","STEM.High.Medium","Lyrical Music",1,43.6,43.1,3,76
295,"Uni C","STEM","Physics",20,"Male",3.71,"High",0.01,1.65,"High","STEM.High.High","Silence",1,38.5,44.5,1,76.5
296,"Uni B","STEM","Chemistry",19,"Female",2.35,"Medium",1.21,-0.65,"High","STEM.Low.Medium","Silence",1,30.2,31.2,2,73.1
297,"Uni B","Humanities","Creative Writing",18,"Male",2.77,"Low",0,-0.03,"High","Humanities.Medium.Low","Lyrical Music",1,31.4,25.8,4,85.2
298,"Uni B","Humanities","Creative Writing",23,"Female",3.61,"Medium",-0.87,1.51,"High","Humanities.High.Medium","Silence",1,42.5,29.8,1,70.1
299,"Uni C","Humanities","Cultural Studies",18,"Female",3.06,"Medium",-0.23,-0.15,"High","Humanities.Medium.Medium","Lyrical Music",1,50,14,5,79.4
300,"Uni A","STEM","Physics",23,"Male",3.28,"Medium",-2.88,0.54,"High","STEM.High.Medium","Lyrical Music",1,23.2,33.2,5,73.4
301,"Uni B","Humanities","Creative Writing",20,"Female",3.15,"Medium",-1,-0.09,"High","Humanities.Medium.Medium","Lyrical Music",0,,,,
302,"Uni B","STEM","Biology",19,"Male",3.26,"High",0.23,0.94,"High","STEM.High.High","Lyrical Music",1,38.7,50,3,76.5
303,"Uni A","Humanities","History",22,"Female",3.05,"Medium",0.08,0.29,"High","Humanities.Medium.Medium","Silence",1,34.1,23.2,1,80.3
304,"Uni B","Humanities","Cultural Studies",18,"Male",,"High",0.69,-0.17,"High","Humanities.Medium.High","Lyrical Music",1,42.9,20.5,5,75.7
305,"Uni A","Humanities","History",19,"Female",3.42,"High",-1.14,0.02,"High","Humanities.High.High","Lyrical Music",1,35.2,50,4,72.4
306,"Uni A","STEM","Biology",18,"Female",,"Medium",0.38,-0.23,"High","STEM.Low.Medium","Lyrical Music",1,37.9,43.2,5,71.7
307,"Uni B","Humanities","Creative Writing",18,"Female",3.39,"Low",0.49,0.01,"Low","Humanities.High.Low","Lyrical Music",1,48.5,31.6,2,77.4
308,"Uni C","Humanities","Cultural Studies",20,"Male",2.93,"Medium",-0.59,-2.01,"Low","Humanities.Medium.Medium","Lyrical Music",1,40,32.3,3,72.8
309,"Uni A","Humanities","History",20,"Male",3.41,"Low",-1.68,-0.66,"Low","Humanities.High.Low","Silence",1,47.2,34.4,4,70.4
310,"Uni C","Humanities","Cultural Studies",19,"Female",3.01,"Medium",0.91,0.42,"Low","Humanities.Medium.Medium","Lyrical Music",0,,,,
311,"Uni D","STEM","Biology",21,"Male",2.21,"Medium",-0.21,0.3,"Low","STEM.Low.Medium","Lyrical Music",1,14.9,47.1,2,82
312,"Uni A","STEM","Biology",24,"Female",,"Medium",0.13,0.46,"Low","STEM.Low.Medium","Silence",1,35.9,37.7,1,88.6
313,"Uni B","STEM","Chemistry",20,"Male",3.06,"High",-0.47,0.98,"High","STEM.Medium.High","Silence",1,26.3,35.5,1,70.9
314,"Uni A","Humanities","Cultural Studies",21,"Male",2.59,"Medium",-1.3,0.07,"Low","Humanities.Low.Medium","Silence",1,31.3,42.4,3,70.1
315,"Uni D","Humanities","Creative Writing",18,"Female",2.99,"Medium",-0.41,,"Low","Humanities.Medium.Medium","Silence",1,47.5,17.9,3,68.2
316,"Uni B","Humanities","History",19,"Female",3.2,"Medium",0.88,-1.25,"High","Humanities.High.Medium","Lyrical Music",1,50,10,2,79.4
317,"Uni B","STEM","Physics",18,"Male",2.38,"Medium",0.83,1.69,"Low","STEM.Low.Medium","Silence",1,39.5,46.6,1,78.5
318,"Uni B","Humanities","Creative Writing",18,"Male",3.65,"Low",0.77,,"High","Humanities.High.Low","Lyrical Music",1,35,39.2,3,76.6
319,"Uni C","STEM","Biology",18,"Female",1.93,"High",-0.8,-0.17,"High","STEM.Low.High","Silence",1,45.1,28.5,2,91.6
320,"Uni A","STEM","Biology",19,"Female",2.16,"High",-1.69,0.65,"High","STEM.Low.High","Silence",1,24.1,33.6,3,72.5
321,"Uni A","Humanities","Cultural Studies",19,"Female",2.56,"Low",0.45,-0.02,"Low","Humanities.Low.Low","Silence",1,31.4,34.1,1,68.8
322,"Uni D","Humanities","History",20,"Female",3.64,"Medium",-0.02,0.17,"High","Humanities.High.Medium","Silence",1,33.6,12.3,3,68.5
323,"Uni A","Humanities","Cultural Studies",21,"Female",2.98,"Medium",-0.04,-1.56,"High","Humanities.Medium.Medium","Silence",1,38.6,33.3,3,71.4
324,"Uni A","STEM","Chemistry",19,"Male",3.04,"Medium",-0.48,0.93,"Low","STEM.Medium.Medium","Silence",1,34.1,28.8,2,71.3
325,"Uni D","STEM","Chemistry",24,"Male",2.69,"Medium",-1.69,-0.79,"High","STEM.Medium.Medium","Silence",1,30.4,50,1,65.6
326,"Uni C","STEM","Chemistry",20,"Female",3.85,"Medium",0.48,-1.07,"Low","STEM.High.Medium","Lyrical Music",1,23.3,24.1,1,76.3
327,"Uni A","Humanities","History",18,"Female",3.67,"High",-1.1,0.75,"Low","Humanities.High.High","Silence",1,33.1,16.6,3,70.2
328,"Uni B","Humanities","History",19,"Female",3.02,"Medium",-0.73,0.94,"Low","Humanities.Medium.Medium","Silence",1,32.4,19.2,5,76.7
329,"Uni A","Humanities","History",19,"Female",3.47,"High",-2.4,-0.31,"High","Humanities.High.High","Lyrical Music",0,,,,
330,"Uni B","Humanities","History",19,"Male",3.15,"Medium",2.31,,"High","Humanities.Medium.Medium","Lyrical Music",1,35,30.7,2,72.8
331,"Uni D","Humanities","Creative Writing",21,"Male",3.37,"Low",0.39,-0.13,"High","Humanities.High.Low","Lyrical Music",1,45.7,40,1,82.6
332,"Uni B","STEM","Biology",18,"Male",2.68,"High",-1.36,0.55,"High","STEM.Medium.High","Lyrical Music",1,43.2,34.5,2,82
333,"Uni A","STEM","Chemistry",19,"Female",2.94,"Medium",0.11,1.33,"Low","STEM.Medium.Medium","Silence",1,35.6,50,3,71
334,"Uni A","STEM","Biology",24,"Female",2.89,"Low",-0.61,0.9,"Low","STEM.Medium.Low","Silence",1,42.4,12.7,1,84.8
335,"Uni A","STEM","Biology",18,"Male",1.96,"Low",1.62,1.73,"High","STEM.Low.Low","Lyrical Music",1,32.6,37.4,1,71.6
336,"Uni A","STEM","Physics",20,"Female",1.87,"High",1.93,-1.13,"High","STEM.Low.High","Silence",1,33,26.8,3,76.3
337,"Uni D","STEM","Chemistry",21,"Female",2.45,"High",2.05,-1.07,"High","STEM.Low.High","Silence",1,43.9,38.7,1,60.7
338,"Uni C","Humanities","Cultural Studies",20,"Other/Prefer not to say",3,"Medium",-0.48,0.41,"High","Humanities.Medium.Medium","Lyrical Music",1,50,27.3,3,90.3
339,"Uni A","STEM","Chemistry",25,"Male",3.37,"Medium",0.36,0.01,"Low","STEM.High.Medium","Silence",1,29.9,27.6,2,81.8
340,"Uni A","Humanities","Cultural Studies",18,"Other/Prefer not to say",3.51,"High",1.91,-0.75,"Low","Humanities.High.High","Lyrical Music",1,48,35.7,1,84.5
341,"Uni A","Humanities","Cultural Studies",25,"Female",,"High",-0.27,-0.59,"High","Humanities.Low.High","Lyrical Music",1,23.2,24.4,4,78.3
342,"Uni B","STEM","Physics",21,"Male",2.75,"Low",-0.65,1.28,"Low","STEM.Medium.Low","Silence",1,32.4,23.2,2,69.9
343,"Uni B","Humanities","Creative Writing",19,"Female",2.18,"High",1,-1.1,"Low","Humanities.Low.High","Lyrical Music",1,21.1,17.9,2,87.8
344,"Uni C","STEM","Physics",18,"Male",2.33,"Medium",0.76,-1.37,"High","STEM.Low.Medium","Silence",1,42.8,39.3,3,74.5
345,"Uni B","STEM","Physics",19,"Male",2.93,"Low",0.36,-1.57,"Low","STEM.Medium.Low","Lyrical Music",1,25.3,46.2,3,85.2
346,"Uni C","Humanities","History",18,"Male",2.05,"High",-0.75,,"High","Humanities.Low.High","Lyrical Music",1,28.1,24.5,4,85.8
347,"Uni A","Humanities","Creative Writing",19,"Female",1.95,"Medium",1.16,,"Low","Humanities.Low.Medium","Silence",1,35.5,34.5,1,70.8
348,"Uni A","Humanities","Creative Writing",21,"Female",3.83,"Medium",-1.95,1.29,"High","Humanities.High.Medium","Silence",1,50,45,2,67.9
349,"Uni D","Humanities","Cultural Studies",18,"Male",2.86,"Low",1.27,1.29,"High","Humanities.Medium.Low","Silence",1,24.8,39.7,1,67.8
350,"Uni A","Humanities","Cultural Studies",19,"Female",2.92,"Medium",-1.18,-0.26,"Low","Humanities.Medium.Medium","Lyrical Music",0,,,,
351,"Uni A","Humanities","History",21,"Male",2.47,"High",1.34,0.07,"High","Humanities.Low.High","Silence",1,30.8,4,2,86.5
352,"Uni A","Humanities","Creative Writing",18,"Female",1.5,"Medium",1.22,0.57,"Low","Humanities.Low.Medium","Silence",1,31.9,40.3,2,65
353,"Uni D","Humanities","Creative Writing",21,"Male",2.3,"High",-0.15,1.01,"High","Humanities.Low.High","Lyrical Music",1,33.4,26.6,3,88.4
354,"Uni C","Humanities","Creative Writing",24,"Female",2.53,"High",1.11,-1.25,"Low","Humanities.Low.High","Lyrical Music",1,48.6,29.7,1,80
355,"Uni A","Humanities","Cultural Studies",20,"Female",2.22,"Medium",-0.73,0.48,"Low","Humanities.Low.Medium","Lyrical Music",1,32,28,5,61.4
356,"Uni D","Humanities","Cultural Studies",18,"Male",3.57,"High",2.39,0.72,"Low","Humanities.High.High","Silence",1,47.1,34,1,69.4
357,"Uni A","STEM","Physics",19,"Female",3.36,"Medium",-1.35,1.52,"Low","STEM.High.Medium","Lyrical Music",1,28.7,21.3,4,91.7
358,"Uni C","STEM","Physics",21,"Female",2.83,"High",1.06,-0.42,"High","STEM.Medium.High","Lyrical Music",1,36,37.2,1,76.1
359,"Uni C","Humanities","Creative Writing",18,"Male",3.21,"Medium",0.01,1.82,"Low","Humanities.High.Medium","Silence",1,38,30,2,63.6
360,"Uni D","Humanities","Cultural Studies",21,"Female",2.39,"Medium",0.93,-0.75,"High","Humanities.Low.Medium","Silence",1,43.4,38.1,4,78
361,"Uni B","Humanities","Creative Writing",21,"Male",3.58,"Medium",-0.73,-0.39,"High","Humanities.High.Medium","Lyrical Music",1,39.5,14.1,3,81.8
362,"Uni A","STEM","Biology",19,"Female",2.6,"Medium",0.93,1.79,"High","STEM.Low.Medium","Silence",1,34.3,21.3,2,80.8
363,"Uni A","Humanities","History",21,"Female",3.01,"Medium",-0.24,0.45,"High","Humanities.Medium.Medium","Lyrical Music",1,34.4,37.1,1,69.6
364,"Uni A","Humanities","Creative Writing",20,"Female",,"High",0.07,-0.62,"Low","Humanities.Low.High","Silence",1,26.2,24.4,1,79.8
365,"Uni B","STEM","Biology",18,"Female",2.71,"Medium",0.02,-0.34,"High","STEM.Medium.Medium","Silence",0,,,,
366,"Uni A","Humanities","Creative Writing",20,"Male",2.58,"Low",1,0.05,"High","Humanities.Low.Low","Lyrical Music",1,31,48.3,4,64.7
367,"Uni B","STEM","Physics",22,"Female",2.86,"Medium",-1.8,0,"High","STEM.Medium.Medium","Lyrical Music",1,23.1,31.2,5,77.5
368,"Uni A","STEM","Physics",23,"Female",2.68,"Medium",0.77,-0.72,"Low","STEM.Medium.Medium","Lyrical Music",0,,,,
369,"Uni D","STEM","Biology",21,"Female",3.18,"High",-1.51,1.25,"High","STEM.Medium.High","Lyrical Music",1,23.2,18.1,3,69
370,"Uni A","Humanities","Creative Writing",20,"Female",2.59,"Medium",0.23,0.83,"High","Humanities.Low.Medium","Silence",1,49.8,21.6,1,63
371,"Uni C","Humanities","Creative Writing",20,"Male",,"Low",-0.14,-1.33,"High","Humanities.High.Low","Lyrical Music",0,,,,
372,"Uni C","STEM","Chemistry",19,"Female",3.4,"High",-0.23,-0.13,"High","STEM.High.High","Lyrical Music",1,29.4,50,5,75.3
373,"Uni B","Humanities","History",18,"Female",2.66,"Medium",-0.06,-0.95,"Low","Humanities.Medium.Medium","Lyrical Music",1,16.7,45.1,3,72.9
374,"Uni B","STEM","Biology",21,"Female",2.33,"Medium",-0.05,-0.8,"High","STEM.Low.Medium","Lyrical Music",1,22.7,20.5,2,65
375,"Uni A","STEM","Physics",21,"Female",2.47,"Medium",-0.03,0.21,"Low","STEM.Low.Medium","Lyrical Music",1,40.2,44.8,2,80.2
376,"Uni C","STEM","Physics",21,"Male",3.07,"High",0,-0.67,"Low","STEM.Medium.High","Silence",1,34.2,32.6,1,72.3
377,"Uni D","STEM","Chemistry",18,"Male",3.35,"Medium",-1.57,-0.78,"Low","STEM.High.Medium","Silence",1,29.3,29.1,3,77.9
378,"Uni A","Humanities","History",18,"Female",2.85,"High",0.84,-0.44,"High","Humanities.Medium.High","Lyrical Music",1,26.4,31.2,5,84.4
379,"Uni A","Humanities","Cultural Studies",20,"Male",3.12,"Low",-1.79,1.7,"Low","Humanities.Medium.Low","Silence",1,50,45.8,1,68.5
380,"Uni B","Humanities","History",18,"Female",2.44,"Medium",0.81,1.99,"High","Humanities.Low.Medium","Silence",1,47.2,30.6,4,79.1
381,"Uni A","Humanities","Creative Writing",21,"Male",2.88,"Medium",-0.62,0.63,"High","Humanities.Medium.Medium","Silence",1,43.4,46.8,2,66.9
382,"Uni B","STEM","Chemistry",20,"Female",2.83,"Low",-0.19,-0.59,"High","STEM.Medium.Low","Silence",1,41.4,32.3,1,69.6
383,"Uni B","STEM","Physics",19,"Other/Prefer not to say",2.43,"Medium",0.26,-0.75,"High","STEM.Low.Medium","Lyrical Music",1,48.5,31,3,65.6
384,"Uni B","Humanities","History",19,"Female",3.53,"Low",0.78,-0.4,"Low","Humanities.High.Low","Lyrical Music",1,35.5,37.9,2,79.7
385,"Uni B","STEM","Chemistry",20,"Female",2.96,"Medium",-1.47,-0.83,"Low","STEM.Medium.Medium","Silence",1,38.2,50,2,62.6
386,"Uni D","STEM","Biology",18,"Female",1.5,"Low",-1.34,0.6,"High","STEM.Low.Low","Lyrical Music",1,29.2,20.4,5,66.8
387,"Uni D","STEM","Chemistry",18,"Male",3.31,"Low",-0.15,-0.44,"Low","STEM.High.Low","Silence",1,34.6,32.2,2,71.3
388,"Uni D","Humanities","Cultural Studies",20,"Male",1.99,"Low",1.04,-2.54,"Low","Humanities.Low.Low","Silence",1,32.2,26.5,3,82.8
389,"Uni D","STEM","Biology",18,"Other/Prefer not to say",3.44,"Medium",-0.28,-1.18,"Low","STEM.High.Medium","Silence",1,32.3,30.2,1,72
390,"Uni C","STEM","Physics",18,"Female",2.59,"Medium",1.18,,"Low","STEM.Low.Medium","Lyrical Music",1,33.9,26.9,1,73.5
391,"Uni D","Humanities","Creative Writing",20,"Male",2.49,"Low",-0.42,1.2,"High","Humanities.Low.Low","Lyrical Music",1,35,28,3,86.4
392,"Uni C","Humanities","Cultural Studies",20,"Male",2.82,"Medium",-0.02,0.01,"High","Humanities.Medium.Medium","Lyrical Music",1,28.5,38.8,5,70.2
393,"Uni C","Humanities","Cultural Studies",19,"Other/Prefer not to say",2.21,"Low",1.39,-0.01,"Low","Humanities.Low.Low","Lyrical Music",1,37.1,23.3,3,79.9
394,"Uni C","STEM","Biology",19,"Female",1.5,"High",0.93,0.02,"Low","STEM.Low.High","Silence",1,38.7,32,3,72.9
395,"Uni A","Humanities","Cultural Studies",20,"Male",3.11,"High",-0.58,0.12,"Low","Humanities.Medium.High","Silence",1,32.2,11.1,1,94.9
396,"Uni C","STEM","Biology",21,"Female",3.11,"High",-0.54,0.1,"High","STEM.Medium.High","Silence",1,32.6,26.5,2,76.9
397,"Uni C","Humanities","History",18,"Male",2.25,"Medium",0.56,-0.68,"Low","Humanities.Low.Medium","Lyrical Music",1,37.6,24.2,3,95.3
398,"Uni C","Humanities","Creative Writing",25,"Female",2.97,"Medium",2.75,-1.27,"Low","Humanities.Medium.Medium","Silence",1,42.3,29.4,1,72.7
399,"Uni D","Humanities","Creative Writing",18,"Male",2.61,"Medium",-0.71,-1.3,"High","Humanities.Low.Medium","Lyrical Music",1,42.9,24.4,5,67.1
400,"Uni B","Humanities","Creative Writing",18,"Male",2.57,"Medium",-0.4,-1.06,"High","Humanities.Low.Medium","Lyrical Music",1,42.1,19.7,1,69.3
401,"Uni C","Humanities","History",19,"Male",3.46,"High",-0.45,-0.21,"High","Humanities.High.High","Lyrical Music",1,50,34.6,5,74.6
402,"Uni C","Humanities","Creative Writing",23,"Male",,"Medium",-1.48,0.22,"Low","Humanities.Low.Medium","Lyrical Music",1,16.7,25.5,4,78.3
403,"Uni C","Humanities","History",18,"Female",1.76,"Low",-2.64,0.74,"High","Humanities.Low.Low","Silence",1,42.1,49.5,1,67.1
404,"Uni A","STEM","Chemistry",21,"Other/Prefer not to say",3.71,"Low",-0.58,0.75,"Low","STEM.High.Low","Lyrical Music",1,50,12.7,5,72.1
405,"Uni A","STEM","Chemistry",23,"Female",3.18,"High",-1.19,0.34,"High","STEM.Medium.High","Lyrical Music",1,50,45.2,4,70.4
406,"Uni C","STEM","Physics",19,"Female",3.35,"Medium",-0.15,0.51,"Low","STEM.High.Medium","Lyrical Music",1,30.9,41.3,4,80.9
407,"Uni B","STEM","Chemistry",20,"Female",3.3,"Low",-0.47,-0.58,"High","STEM.High.Low","Silence",1,36,22.4,3,76.5
408,"Uni C","STEM","Biology",19,"Female",3.57,"Medium",-1.12,-0.19,"High","STEM.High.Medium","Lyrical Music",1,33.7,35.7,5,63.8
409,"Uni B","Humanities","Creative Writing",19,"Male",2.16,"Low",0.06,-0.18,"High","Humanities.Low.Low","Lyrical Music",1,32.7,30.1,4,70.3
410,"Uni A","STEM","Chemistry",22,"Female",3.6,"High",-0.35,0.38,"Low","STEM.High.High","Lyrical Music",1,26.2,33.9,4,72.3
411,"Uni D","STEM","Physics",18,"Female",3.46,"High",-0.15,,"High","STEM.High.High","Silence",1,35.4,37,1,74.9
412,"Uni B","Humanities","Creative Writing",18,"Male",2.39,"Medium",-1.63,1.22,"High","Humanities.Low.Medium","Silence",1,48.6,40.4,3,74.8
413,"Uni B","Humanities","Creative Writing",24,"Male",3.12,"Medium",0.42,-0.52,"Low","Humanities.Medium.Medium","Silence",1,50,36.1,2,85.7
414,"Uni B","STEM","Physics",19,"Other/Prefer not to say",2.83,"High",0,-0.09,"Low","STEM.Medium.High","Lyrical Music",1,36.6,20.8,5,86.2
415,"Uni D","STEM","Chemistry",20,"Female",3.23,"Medium",-0.32,-1.55,"Low","STEM.High.Medium","Lyrical Music",1,17.5,24.6,3,72.5
416,"Uni A","STEM","Physics",18,"Male",2.46,"Medium",-0.66,-0.07,"High","STEM.Low.Medium","Silence",1,8.6,15.6,2,73.8
417,"Uni D","STEM","Chemistry",24,"Male",3.2,"Medium",-0.08,0.96,"High","STEM.High.Medium","Silence",1,36.3,37.3,1,72.4
418,"Uni A","STEM","Physics",22,"Male",1.5,"Low",-0.81,0.26,"High","STEM.Low.Low","Lyrical Music",1,20.2,28.2,3,74.8
419,"Uni A","Humanities","Creative Writing",23,"Male",2.8,"High",-0.69,0.06,"High","Humanities.Medium.High","Lyrical Music",1,27.8,35.5,2,73.6
420,"Uni C","STEM","Biology",19,"Male",3.21,"Medium",0.53,0.3,"Low","STEM.High.Medium","Silence",1,19,35.4,2,81.5
421,"Uni C","Humanities","Creative Writing",21,"Female",1.57,"High",-1.1,0.72,"High","Humanities.Low.High","Lyrical Music",1,48.9,21.5,3,73
422,"Uni A","Humanities","Cultural Studies",19,"Female",2.8,"Medium",1.99,-0.33,"Low","Humanities.Medium.Medium","Lyrical Music",1,29.5,26.7,4,66.9
423,"Uni A","Humanities","Cultural Studies",19,"Female",3.43,"High",-1.88,-1.35,"High","Humanities.High.High","Silence",1,29.6,43.9,1,81.9
424,"Uni C","Humanities","Cultural Studies",25,"Female",3.41,"Medium",0.71,0.57,"Low","Humanities.High.Medium","Lyrical Music",1,46.3,23.2,2,72.7
425,"Uni A","STEM","Physics",25,"Male",2.43,"High",-0.77,-0.81,"Low","STEM.Low.High","Lyrical Music",1,38.8,36.1,4,73.1
426,"Uni C","STEM","Biology",19,"Male",3.51,"High",0.27,0.98,"Low","STEM.High.High","Silence",1,39.9,35.3,1,76.1
427,"Uni D","STEM","Biology",21,"Female",3.38,"High",0.7,1.03,"High","STEM.High.High","Silence",1,39.8,12.1,1,83.2
428,"Uni B","Humanities","Cultural Studies",19,"Male",3.64,"Medium",1.23,-0.68,"Low","Humanities.High.Medium","Lyrical Music",1,32.7,15.6,2,75.1
429,"Uni A","Humanities","History",18,"Female",3.43,"Medium",1.19,-1.6,"High","Humanities.High.Medium","Silence",1,43.3,18,2,73.8
430,"Uni A","Humanities","Cultural Studies",20,"Male",2.37,"Medium",-0.46,1.2,"Low","Humanities.Low.Medium","Silence",1,34,41.8,2,77.8
431,"Uni C","Humanities","Creative Writing",19,"Male",3.78,"Medium",-1.04,1.68,"Low","Humanities.High.Medium","Silence",1,33.8,25.2,3,68.8
432,"Uni D","STEM","Biology",18,"Male",3.15,"High",-0.07,,"High","STEM.Medium.High","Silence",1,50,35.1,4,74.8
433,"Uni B","Humanities","Cultural Studies",25,"Male",2.87,"Medium",1.11,-0.63,"Low","Humanities.Medium.Medium","Lyrical Music",1,28,36.9,3,74.9
434,"Uni C","STEM","Physics",20,"Female",3.61,"Medium",0.62,-0.75,"Low","STEM.High.Medium","Lyrical Music",1,23.4,36,4,78.6
435,"Uni B","Humanities","Creative Writing",23,"Female",2.68,"High",-0.49,0.59,"High","Humanities.Medium.High","Silence",1,27.6,22.9,2,70.7
436,"Uni A","STEM","Chemistry",19,"Female",3.71,"High",0.24,1.05,"Low","STEM.High.High","Lyrical Music",1,33.8,10.7,2,66.3
437,"Uni B","STEM","Physics",18,"Female",1.5,"High",-0.13,0.14,"Low","STEM.Low.High","Lyrical Music",0,,,,
438,"Uni C","STEM","Physics",20,"Male",1.92,"High",0.84,-0.58,"Low","STEM.Low.High","Silence",1,29,2.8,1,82.2
439,"Uni B","Humanities","History",18,"Male",3.19,"Low",1.18,1.71,"Low","Humanities.Medium.Low","Lyrical Music",1,32.8,39.1,2,81.7
440,"Uni C","STEM","Chemistry",18,"Female",3.5,"Low",-0.13,-0.11,"Low","STEM.High.Low","Silence",1,33.7,36.5,4,85.8
441,"Uni C","STEM","Chemistry",23,"Female",2.05,"Low",0.82,0.02,"High","STEM.Low.Low","Silence",1,37.7,27.8,2,79.6
442,"Uni A","STEM","Biology",18,"Female",3.71,"High",0.23,1.09,"Low","STEM.High.High","Lyrical Music",1,34.9,35.2,2,63
443,"Uni B","STEM","Chemistry",19,"Male",2.39,"High",0.87,-0.1,"Low","STEM.Low.High","Lyrical Music",1,43,41.2,2,82.8
444,"Uni D","STEM","Physics",18,"Male",3.7,"Low",-0.61,1.52,"High","STEM.High.Low","Silence",1,37,50,3,74.2
445,"Uni A","Humanities","Cultural Studies",19,"Female",3.51,"Medium",0.27,-0.25,"Low","Humanities.High.Medium","Lyrical Music",1,34.1,29.9,5,75.2
446,"Uni B","Humanities","Creative Writing",18,"Female",3.29,"High",-0.92,0.53,"High","Humanities.High.High","Silence",1,42.3,50,2,81.8
447,"Uni B","STEM","Biology",18,"Male",2.68,"Medium",-0.33,-0.54,"High","STEM.Medium.Medium","Silence",1,32.8,42.2,3,76
448,"Uni D","Humanities","History",22,"Female",2.96,"High",0.18,0,"High","Humanities.Medium.High","Silence",1,30.9,33.3,3,70.8
449,"Uni B","Humanities","History",24,"Female",1.62,"Low",-1.34,0.76,"High","Humanities.Low.Low","Silence",1,37.1,23.5,2,73.5
450,"Uni D","STEM","Chemistry",22,"Female",1.5,"Medium",-1.06,0.19,"High","STEM.Low.Medium","Lyrical Music",1,12.1,28.7,4,72.7
451,"Uni B","Humanities","Creative Writing",19,"Male",2.09,"Medium",-0.14,0.04,"Low","Humanities.Low.Medium","Silence",1,23.5,43,1,78
452,"Uni A","Humanities","History",19,"Male",3.1,"Medium",0.28,-1.87,"High","Humanities.Medium.Medium","Silence",1,48,25.1,4,64.4
453,"Uni D","STEM","Chemistry",18,"Female",2.82,"Low",0.04,0.34,"Low","STEM.Medium.Low","Lyrical Music",1,33.9,34,1,83.8
454,"Uni B","STEM","Biology",19,"Male",2.93,"Medium",-0.04,,"High","STEM.Medium.Medium","Lyrical Music",1,29,35.8,4,87.4
455,"Uni D","Humanities","Creative Writing",23,"Female",2.88,"High",-0.05,0.75,"High","Humanities.Medium.High","Lyrical Music",0,,,,
456,"Uni A","Humanities","Creative Writing",19,"Male",3.3,"Low",-0.62,2.76,"High","Humanities.High.Low","Lyrical Music",1,50,28.7,3,70.5
457,"Uni D","STEM","Physics",20,"Female",2.38,"Medium",0.84,1.84,"Low","STEM.Low.Medium","Lyrical Music",1,40.3,21.8,4,73.6
458,"Uni B","STEM","Biology",20,"Male",3.84,"Medium",0.1,,"High","STEM.High.Medium","Silence",1,38.9,30.3,2,79.8
459,"Uni A","STEM","Chemistry",18,"Female",2.75,"Medium",0.2,0.95,"High","STEM.Medium.Medium","Lyrical Music",1,36.2,10.1,4,67.1
460,"Uni D","Humanities","History",20,"Male",3.27,"High",-1,-2.52,"High","Humanities.High.High","Lyrical Music",1,34.6,48.7,4,82.8
461,"Uni D","Humanities","Cultural Studies",18,"Female",3.06,"High",-1.79,1.44,"Low","Humanities.Medium.High","Lyrical Music",1,24.4,23.1,4,62.2
462,"Uni C","STEM","Chemistry",20,"Male",2.34,"Medium",-0.95,0.34,"Low","STEM.Low.Medium","Silence",1,42,28.6,2,69.3
463,"Uni B","Humanities","Creative Writing",20,"Male",2.65,"Medium",-0.38,1.68,"Low","Humanities.Medium.Medium","Lyrical Music",1,31.4,42.3,5,68.2
464,"Uni A","STEM","Chemistry",18,"Female",2.31,"Medium",-0.37,-0.8,"High","STEM.Low.Medium","Silence",1,18.8,37.6,2,74.9
465,"Uni C","STEM","Chemistry",22,"Female",2.8,"High",-0.04,0.42,"Low","STEM.Medium.High","Lyrical Music",1,29.4,38,2,67.2
466,"Uni B","Humanities","History",18,"Female",3.35,"High",-0.47,0.19,"High","Humanities.High.High","Silence",1,36.6,44,1,80.9
467,"Uni D","STEM","Chemistry",19,"Female",3.44,"Medium",-0.99,1.54,"High","STEM.High.Medium","Lyrical Music",1,41,34.4,2,88.7
468,"Uni C","Humanities","History",23,"Male",2.86,"Medium",-0.9,,"Low","Humanities.Medium.Medium","Silence",1,46.7,46.5,3,79.5
469,"Uni B","Humanities","Creative Writing",18,"Male",3.71,"Low",-0.86,-0.09,"High","Humanities.High.Low","Silence",1,29.8,37.4,2,82.9
470,"Uni C","Humanities","Creative Writing",19,"Male",2.7,"High",-0.44,-0.83,"High","Humanities.Medium.High","Silence",1,39,26.4,1,74
471,"Uni C","Humanities","Cultural Studies",23,"Female",3.17,"High",0.5,-0.2,"High","Humanities.Medium.High","Silence",1,38.6,41.8,1,60.2
472,"Uni A","STEM","Chemistry",20,"Female",3.29,"Medium",-0.21,0.33,"Low","STEM.High.Medium","Lyrical Music",0,,,,
473,"Uni D","Humanities","History",23,"Female",2.38,"Medium",-0.81,-0.05,"Low","Humanities.Low.Medium","Silence",1,30.3,12.9,4,86.2
474,"Uni B","STEM","Biology",19,"Female",2.99,"High",-0.05,-0.45,"Low","STEM.Medium.High","Lyrical Music",1,27.4,9.8,5,83.8
475,"Uni C","Humanities","Cultural Studies",23,"Male",3.32,"Medium",0.83,,"High","Humanities.High.Medium","Silence",1,46.2,27.2,4,49.6
476,"Uni A","Humanities","History",18,"Female",3.73,"High",-0.95,-0.27,"High","Humanities.High.High","Silence",1,44.1,39.8,2,66.7
477,"Uni A","Humanities","Cultural Studies",20,"Other/Prefer not to say",3.53,"Medium",1.86,-1.62,"High","Humanities.High.Medium","Lyrical Music",1,28.6,16.6,4,65.2
478,"Uni C","Humanities","History",21,"Male",3.53,"High",0.06,-0.87,"Low","Humanities.High.High","Silence",1,35.6,7.2,1,71.9
479,"Uni B","STEM","Chemistry",18,"Male",2.22,"Low",0.8,-0.16,"High","STEM.Low.Low","Lyrical Music",1,20.2,45.6,5,63.8
480,"Uni C","Humanities","Creative Writing",20,"Male",2.74,"Medium",1.17,-1.46,"High","Humanities.Medium.Medium","Lyrical Music",1,37,28.6,2,84.7
