"participant_id","gender_identity","treatment_group","age","sexual_orientation","religiosity","political_ideology","region","media_consumption","lgbtq_social_contacts","watched_video_compliantly","completed_post_survey","attitude_lgbtq_post","attitude_gay_post","attitude_lesbian_post"
1,"Male","Lesbian PDA",29,"Heterosexual",1,5,"West",2,2,1,0,,,
2,"Male","Lesbian PDA",41,"Heterosexual",1,6,"West",1,2,0,1,,,
3,"Male","Gay Male PDA",32,"Heterosexual",1,5,"West",4,2,1,1,3.9975188839382,3.76927618628086,3.26374063292036
4,"Female","Gay Male PDA",37,"Other/Unknown",2,6,"West",2,5,1,1,4.6911259064413,3.6506917106646,5.09320923054341
5,"Male","Lesbian PDA",34,"Heterosexual",3,6,"West",3,2,1,1,3.9468133698518,3.5085117515275,4.57020492440686
6,"Female","Placebo Control",55,"Heterosexual",5,1,"West",5,1,1,1,4.92486649870631,4.17574608414774,4.49895133666177
7,"Male","Placebo Control",52,"Heterosexual",3,7,"South",1,2,1,1,4.35182583888909,2.14268208334616,3.61284861020538
8,"Male","Gay Male PDA",21,"Heterosexual",2,6,"South",2,4,1,1,3.98791095639038,2.80260088359359,3.63249256692922
9,"Female","Lesbian PDA",30,"Heterosexual",3,1,"South",1,2,1,1,6.03333602787723,4.77262701179113,4.59794899100202
10,"Male","Placebo Control",27,"Heterosexual",3,1,"Midwest",5,0,1,1,3.82123405136828,3.74523801685468,4.68929240894522
11,"Female","Pure Control",23,"Heterosexual",2,5,"South",1,1,1,1,3.73052989742261,4.57646469951826,3.85625692846135
12,"Male","Gay Male PDA",34,"Heterosexual",1,4,"Northeast",1,4,1,1,3.98187794985655,4.2879001737827,3.86952879452345
13,"Male","Pure Control",37,"Heterosexual",3,2,"West",2,2,1,1,4.76481162048158,3.86766039599998,3.09934236434283
14,"Female","Pure Control",22,"Heterosexual",4,3,"Midwest",2,0,1,1,4.25149544831699,4.61479949730905,4.86194390311599
15,"Male","Lesbian PDA",38,"Heterosexual",1,3,"Midwest",1,1,1,1,4.1587848126687,2.95322394360224,5.72315398875618
16,"Male","Placebo Control",45,"Heterosexual",3,6,"South",5,4,1,1,2.91853892764781,3.61441443787255,2.97388661690219
17,"Male","Gay Male PDA",36,"LGB+",2,4,"Northeast",4,2,1,1,3.03276108122806,4.954747298279,3.54342029724056
18,"Female","Lesbian PDA",28,"LGB+",1,5,"Northeast",1,3,1,0,,,
19,"Female","Placebo Control",18,"Heterosexual",1,2,"South",2,5,1,1,4.58391886244911,4.0701885657361,5.52531906016447
20,"Female","Lesbian PDA",40,"Heterosexual",4,7,"West",2,2,1,1,3.57165282897701,3.68806148682679,3.68994679265509
21,"Male","Lesbian PDA",24,"Heterosexual",1,3,"Northeast",3,1,1,1,4.82071193527016,4.4643441730292,4.61380625280194
22,"Male","Placebo Control",42,"Heterosexual",1,3,"Northeast",4,0,1,1,4.59981996331773,3.85034901859453,4.90772201010398
23,"Female","Placebo Control",27,"Heterosexual",1,4,"Northeast",4,3,1,1,4.4818493691891,4.61063869211207,4.58004522665045
24,"Female","Lesbian PDA",36,"Other/Unknown",2,2,"West",3,3,1,1,5.28094596462095,5.55095441431563,5.47464423443073
25,"Male","Gay Male PDA",35,"Heterosexual",1,2,"Northeast",4,4,1,1,4.98721524806736,4.34366035183132,4.55131141201344
26,"Male","Placebo Control",51,"LGB+",1,3,"South",2,4,1,1,4.36337999970393,3.5100722923921,5.24913964500448
27,"Male","Pure Control",27,"Heterosexual",2,1,"South",3,3,1,1,4.38890469312256,4.08378781653598,5.15110526635416
28,"Female","Pure Control",27,"LGB+",1,3,"Northeast",3,1,1,1,5.578356933734,6.00061523117765,5.77848957337096
29,"Female","Gay Male PDA",47,"Heterosexual",4,5,"Northeast",5,3,1,1,5.61088725637948,4.80284888497691,4.83496481414259
30,"Male","Gay Male PDA",28,"Heterosexual",1,3,"Northeast",3,3,1,1,3.46628810560386,3.48068723420594,5.45473784159294
31,"Male","Placebo Control",54,"Heterosexual",3,4,"Midwest",5,2,1,1,4.63709736449747,3.13338548644071,2.54777509773573
32,"Female","Lesbian PDA",45,"Heterosexual",1,2,"West",2,1,1,1,5.83404615891776,4.85553121068381,5.91223425669409
33,"Female","Pure Control",39,"Heterosexual",2,3,"Northeast",3,3,1,1,4.56017563282605,4.00133979640813,4.5103682576951
34,"Female","Gay Male PDA",44,"Heterosexual",2,5,"Midwest",3,3,0,1,,,
35,"Male","Pure Control",18,"Heterosexual",4,7,"West",5,0,1,0,,,
36,"Female","Gay Male PDA",26,"LGB+",5,3,"Midwest",5,2,1,1,5.39804078898444,5.05357350966103,4.70699578255693
37,"Female","Placebo Control",67,"Heterosexual",1,7,"South",3,5,1,1,4.3284252119671,4.53087636352214,3.60888585240973
38,"Female","Gay Male PDA",40,"Heterosexual",2,4,"Midwest",2,5,1,1,4.71071706288804,5.3556714752876,4.64539690085053
39,"Male","Pure Control",26,"LGB+",1,3,"Midwest",3,1,1,1,5.13940721044108,4.80995769260539,4.90537274547328
40,"Male","Lesbian PDA",20,"Heterosexual",2,1,"Northeast",3,4,1,1,4.68185364622182,4.96030678317898,5.14286496538348
41,"Female","Lesbian PDA",55,"Heterosexual",1,1,"South",5,4,1,0,,,
42,"Female","Gay Male PDA",38,"Heterosexual",3,6,"Northeast",5,1,1,1,3.1436905801814,3.94428567955399,4.49594581344056
43,"Female","Lesbian PDA",31,"Other/Unknown",4,5,"West",5,0,1,1,4.61269166304619,4.41319023070053,4.4063217892334
44,"Male","Pure Control",18,"Heterosexual",4,4,"Midwest",3,5,1,1,4.72359225351349,4.06946392112956,3.71732296799799
45,"Male","Gay Male PDA",47,"Heterosexual",1,5,"Northeast",4,5,1,1,4.41151775032277,3.42152018770387,4.02939697759638
46,"Female","Lesbian PDA",23,"LGB+",2,1,"West",2,2,1,1,6.07001982170068,5.31745001066954,4.91523563098912
47,"Female","Lesbian PDA",19,"Heterosexual",2,2,"Midwest",3,1,1,0,,,
48,"Male","Gay Male PDA",30,"Heterosexual",3,7,"Northeast",2,3,1,1,3.29581821650882,3.61012600442116,3.62171142433242
49,"Female","Pure Control",26,"Heterosexual",3,2,"Midwest",4,1,1,1,4.75915969869442,5.25350411831852,4.32651004007465
50,"Female","Placebo Control",22,"Heterosexual",5,2,"South",2,0,1,1,4.14730075138143,3.5205265454424,5.58987283731505
51,"Female","Lesbian PDA",50,"Heterosexual",3,5,"West",4,5,1,1,4.32254463148336,4.03125240864728,4.15124884590272
52,"Male","Pure Control",33,"Heterosexual",2,1,"West",4,4,1,0,,,
53,"Female","Gay Male PDA",31,"Heterosexual",3,2,"West",1,4,1,1,5.42098191209603,5.57115001676362,4.77127898565157
54,"Male","Gay Male PDA",30,"Heterosexual",3,7,"Northeast",4,4,1,1,2.52622236799579,3.25862201866866,3.23268425845941
55,"Male","Gay Male PDA",50,"Heterosexual",3,3,"Midwest",5,3,1,1,4.02553087536944,4.22047771210016,4.39546404888251
56,"Female","Gay Male PDA",50,"Heterosexual",5,4,"Northeast",2,5,0,1,,,
57,"Male","Pure Control",33,"Heterosexual",2,3,"West",2,1,1,1,4.74485407288105,3.81158511387537,3.46164918416431
58,"Female","Pure Control",18,"Heterosexual",2,4,"Northeast",3,2,1,1,2.7503948029206,4.52499676107119,3.5481148563292
59,"Female","Placebo Control",18,"Heterosexual",1,6,"West",1,4,1,1,4.8124222714966,3.09494838349443,4.48952141661878
60,"Female","Pure Control",31,"Heterosexual",4,1,"South",5,1,1,1,4.8753927919469,4.91771736741912,3.82417870982926
61,"Male","Pure Control",36,"Heterosexual",3,2,"Midwest",3,0,1,1,5.19895608391957,3.88163631938874,3.28568582310098
62,"Male","Lesbian PDA",44,"Heterosexual",5,5,"Northeast",5,1,1,1,2.55787553811837,3.63287850305517,2.839153520558
63,"Female","Gay Male PDA",35,"Heterosexual",1,2,"West",1,5,1,1,5.63724157743627,5.09523639279332,5.7783239662525
64,"Female","Placebo Control",42,"Heterosexual",1,3,"Midwest",5,5,1,1,4.36784841793865,4.4534669577507,4.12737744776116
65,"Male","Pure Control",18,"Heterosexual",1,5,"West",2,4,1,1,3.26133106786575,4.1998143144314,4.18776438301379
66,"Male","Lesbian PDA",18,"Heterosexual",4,3,"Northeast",1,4,1,1,4.42239510333091,3.95989833782235,4.58335062171843
67,"Female","Pure Control",31,"Heterosexual",3,4,"Northeast",1,0,1,1,3.65820030070314,2.94480028589957,4.68143312656606
68,"Female","Placebo Control",32,"Heterosexual",2,6,"Midwest",4,1,1,1,2.75261334470322,3.87686961912708,3.70263732765629
69,"Female","Pure Control",21,"Heterosexual",2,1,"Midwest",5,5,1,1,3.22730959370494,4.64216347898293,5.34309572839813
70,"Female","Gay Male PDA",32,"Heterosexual",1,3,"West",3,4,1,1,5.27342701843064,4.00313413059372,4.55967225257029
71,"Female","Placebo Control",30,"Heterosexual",4,5,"Midwest",1,5,1,1,4.44920587199248,3.98045972633767,4.43014680439203
72,"Male","Lesbian PDA",49,"Heterosexual",1,3,"Northeast",5,3,1,1,4.73667454975879,3.74291624931785,4.48279566206821
73,"Male","Placebo Control",32,"Heterosexual",2,4,"Midwest",4,0,1,1,3.41149607687593,3.92809833959387,4.11831142104126
74,"Male","Lesbian PDA",37,"Heterosexual",5,5,"Northeast",5,4,1,1,2.76376416683956,2.61141254778556,2.82687693069433
75,"Female","Placebo Control",46,"Heterosexual",1,4,"South",3,5,1,1,3.40616202605565,5.10802407645053,4.29613879342918
76,"Male","Placebo Control",40,"Heterosexual",5,2,"West",4,2,1,1,3.88571512899183,3.93107048694451,2.61841155463654
77,"Male","Gay Male PDA",18,"Heterosexual",1,3,"Northeast",1,1,1,1,3.92449699480338,3.2694167411256,3.81396823804909
78,"Male","Placebo Control",18,"Heterosexual",2,1,"South",1,4,1,1,4.25574498049217,4.75752082930758,4.40093380544322
79,"Female","Placebo Control",32,"Heterosexual",4,6,"Northeast",1,5,1,0,,,
80,"Male","Gay Male PDA",39,"Heterosexual",2,2,"Midwest",2,5,1,1,5.02082195521416,4.85338667237976,3.6263578509324
81,"Female","Placebo Control",37,"Heterosexual",2,2,"South",3,0,1,1,5.22736808158707,3.29972126253174,5.53425229595466
82,"Male","Pure Control",18,"Heterosexual",3,3,"West",1,4,1,1,4.39862148570834,2.95229499429135,4.0594554759324
83,"Female","Pure Control",41,"LGB+",3,5,"South",3,4,1,1,3.85373436955384,3.67187309232843,4.13005239046524
84,"Male","Placebo Control",57,"LGB+",3,5,"South",2,4,1,1,3.88972623737321,3.09013282533108,3.13612490717649
85,"Male","Pure Control",38,"LGB+",3,2,"West",4,2,1,1,4.3814099857765,3.72949267260514,4.33876118375964
86,"Female","Pure Control",34,"Heterosexual",3,2,"South",2,3,1,1,4.8819362671323,4.69459223114679,3.57978085676771
87,"Female","Pure Control",28,"Heterosexual",1,3,"West",2,2,1,1,4.61561668246181,4.16207980150586,3.8649556029587
88,"Male","Gay Male PDA",34,"Heterosexual",5,3,"South",5,3,1,1,4.68598973531775,3.19944186763279,4.44683568059472
89,"Male","Placebo Control",30,"Heterosexual",1,5,"Midwest",4,1,1,1,3.65738925677959,3.69970418768601,4.18054777078378
90,"Male","Lesbian PDA",35,"LGB+",1,3,"West",4,3,1,1,7,5.29327184329462,4.57942688017374
91,"Male","Placebo Control",39,"Heterosexual",1,5,"West",4,3,1,1,3.9435686130391,3.19316649194897,4.20607437355808
92,"Female","Lesbian PDA",30,"Other/Unknown",2,7,"South",2,2,1,1,5.4356292105006,3.95790963139208,5.66748953583857
93,"Female","Placebo Control",51,"Heterosexual",2,4,"South",1,0,1,1,5.29137605684261,4.96671461437984,4.0936672278707
94,"Male","Pure Control",52,"Heterosexual",1,2,"West",3,3,1,1,3.55554999191074,5.98559507127275,5.35068767347892
95,"Male","Gay Male PDA",29,"Heterosexual",1,4,"West",5,1,1,1,3.95327547993825,4.90820668394879,4.23636870090145
96,"Female","Gay Male PDA",20,"Heterosexual",1,7,"West",5,4,1,1,4.43709193440442,3.58822792561271,4.22691851252617
97,"Male","Lesbian PDA",53,"Heterosexual",2,4,"West",5,4,1,0,,,
98,"Male","Placebo Control",29,"Heterosexual",1,7,"West",5,1,1,1,3.22007447481451,4.49382444481057,2.55960206314393
99,"Female","Pure Control",26,"Heterosexual",5,1,"South",3,5,1,1,4.27375957721972,5.12270147323061,4.44976793792106
100,"Male","Lesbian PDA",25,"Other/Unknown",5,2,"West",2,0,1,0,,,
101,"Female","Gay Male PDA",56,"Heterosexual",2,5,"West",5,0,1,1,4.39051421614255,3.99854624508557,4.84333422601738
102,"Female","Gay Male PDA",23,"Heterosexual",2,5,"Midwest",2,1,1,1,4.92896616744424,4.91967283520882,4.77513071739785
103,"Female","Lesbian PDA",49,"Heterosexual",1,1,"Midwest",3,0,1,1,6.49666728780318,7,5.56860477411265
104,"Male","Gay Male PDA",37,"Other/Unknown",1,3,"Midwest",3,2,1,1,4.06936050616118,5.05157805104158,5.8013356998652
105,"Female","Lesbian PDA",18,"Heterosexual",2,1,"South",4,5,1,1,4.94391635092027,5.22137062882885,4.09353489027
106,"Female","Placebo Control",34,"Heterosexual",1,3,"Midwest",2,3,1,1,5.7996092073153,3.88045859493951,3.15525866053348
107,"Male","Pure Control",21,"Heterosexual",2,6,"Midwest",2,1,1,1,3.6853788358767,2.7995610492209,3.40748719689095
108,"Male","Pure Control",48,"Heterosexual",3,7,"Midwest",1,1,1,1,2.62273328606656,3.48726446240936,3.16006350160769
109,"Female","Lesbian PDA",37,"Heterosexual",1,1,"Midwest",5,3,0,1,,,
110,"Male","Lesbian PDA",39,"Heterosexual",1,7,"West",3,4,1,1,3.24195162048238,3.64361795735792,3.20197376669831
111,"Female","Pure Control",46,"Other/Unknown",3,4,"Northeast",1,2,1,1,6.06830658269836,4.83083347726561,4.68259682234462
112,"Male","Lesbian PDA",37,"Heterosexual",2,3,"South",3,2,1,1,3.63830114324987,3.93029148754015,4.16170362600945
113,"Female","Placebo Control",28,"LGB+",5,1,"West",2,4,1,1,4.72373269401127,4.35497199385467,3.95816603558366
114,"Female","Placebo Control",43,"Heterosexual",1,1,"West",1,4,1,0,,,
115,"Female","Placebo Control",26,"Heterosexual",2,5,"South",2,1,1,1,3.3708942136462,4.66576414800202,3.55843064431832
116,"Male","Placebo Control",29,"Heterosexual",2,5,"West",3,2,0,1,,,
117,"Female","Pure Control",43,"Heterosexual",3,2,"South",4,3,1,1,6.00838069781771,3.47177865470738,4.32746072093241
118,"Male","Gay Male PDA",49,"Other/Unknown",1,2,"Midwest",2,5,1,1,4.3923038088541,4.77892439913264,4.694244074811
119,"Male","Lesbian PDA",51,"Heterosexual",3,4,"South",3,3,1,1,5.25962890791377,3.99708261803212,3.5655335820116
120,"Male","Lesbian PDA",30,"Heterosexual",3,5,"South",2,3,1,1,3.3166139940427,3.76296669036597,4.58175728830271
121,"Female","Placebo Control",18,"Other/Unknown",1,4,"West",3,1,0,1,,,
122,"Male","Lesbian PDA",36,"Heterosexual",2,6,"Northeast",3,3,1,1,4.3948254513814,3.85267560516587,4.57756293320806
123,"Male","Lesbian PDA",38,"Heterosexual",1,5,"Midwest",4,5,1,1,3.73330983258296,5.08226699304965,4.40354454398289
124,"Male","Lesbian PDA",42,"Heterosexual",2,4,"West",5,1,1,1,2.82562938862992,2.58706494345401,4.40198892506922
125,"Female","Lesbian PDA",18,"Heterosexual",3,4,"South",3,2,1,1,3.8637702508679,5.13755151965223,5.26076146728106
126,"Female","Gay Male PDA",28,"Other/Unknown",4,3,"Northeast",2,4,0,1,,,
127,"Male","Gay Male PDA",38,"Heterosexual",1,7,"Northeast",1,4,0,1,,,
128,"Female","Pure Control",29,"Heterosexual",2,4,"South",2,3,1,1,4.25516533371538,3.85730260583705,3.65263519385526
129,"Female","Gay Male PDA",46,"Heterosexual",5,5,"Midwest",4,0,1,1,3.54632474804646,3.37373784943444,2.9040335379411
130,"Female","Lesbian PDA",33,"LGB+",2,6,"Midwest",2,4,1,1,5.4290457383925,4.59096236161047,5.01901486259763
131,"Female","Pure Control",23,"Heterosexual",3,4,"South",2,2,1,1,3.31679247750936,4.21886519593674,3.3792770470419
132,"Male","Pure Control",19,"LGB+",4,2,"Midwest",4,0,1,1,4.67161498448414,3.93875054260936,5.03579231337904
133,"Female","Lesbian PDA",32,"Heterosexual",1,2,"Northeast",5,4,1,0,,,
134,"Male","Pure Control",34,"Heterosexual",1,3,"Northeast",2,5,1,1,4.30550153638126,4.83930088197867,5.05665060053031
135,"Female","Gay Male PDA",31,"LGB+",4,2,"South",4,2,1,1,3.90596168869078,5.48647111002122,5.7076545517803
136,"Male","Placebo Control",19,"Heterosexual",2,7,"Midwest",3,4,1,1,3.08968679585695,2.93547043132096,2.94407946267768
137,"Female","Lesbian PDA",18,"Heterosexual",3,5,"South",1,4,1,1,3.02539475947458,4.02392081755259,4.26446477967888
138,"Male","Pure Control",22,"Heterosexual",3,1,"Northeast",2,1,1,1,4.25687051107047,4.12690029804796,4.17562674553915
139,"Male","Pure Control",59,"Heterosexual",1,4,"Midwest",4,0,1,1,5.06580306231393,3.9342901564598,3.14668856656419
140,"Male","Gay Male PDA",18,"Heterosexual",2,6,"South",1,0,1,1,2.84925159403878,3.11059401111754,3.11325935101532
141,"Male","Gay Male PDA",35,"Heterosexual",3,3,"West",4,0,1,1,3.54163635550943,3.02249871733141,4.55616556376129
142,"Female","Lesbian PDA",24,"Heterosexual",3,1,"Midwest",2,0,1,1,5.17545152531924,3.81077070052986,4.84043175324972
143,"Male","Lesbian PDA",35,"Heterosexual",5,5,"West",4,4,1,1,3.02169454427784,2.09078332581166,3.90457588084724
144,"Male","Placebo Control",32,"Heterosexual",1,3,"West",4,4,1,1,4.0106951974091,3.67874140820319,4.37268527593768
145,"Male","Pure Control",21,"Heterosexual",2,1,"South",5,1,1,1,4.04885490128688,2.75297701599025,4.18085432428287
146,"Male","Pure Control",32,"Heterosexual",4,3,"Midwest",4,3,0,1,,,
147,"Female","Placebo Control",32,"Heterosexual",1,5,"South",1,1,1,1,4.18683840746818,4.35833633344334,3.71911140891783
148,"Female","Lesbian PDA",18,"Heterosexual",4,2,"West",2,3,1,1,4.58511664449405,4.8910642505157,4.23629551837192
149,"Male","Placebo Control",44,"Other/Unknown",3,2,"Midwest",3,0,1,1,5.25480147481721,4.77660686460941,3.77579371859753
150,"Female","Placebo Control",31,"Other/Unknown",3,2,"Northeast",1,4,1,1,5.59861265726384,5.36136411939323,4.58958492414027
151,"Male","Gay Male PDA",33,"Heterosexual",4,5,"South",2,3,1,1,2.89244691178658,3.250831851535,3.8554359150973
152,"Male","Placebo Control",18,"Heterosexual",3,2,"Northeast",5,0,1,1,4.27239784626465,3.60510205847349,4.4238941027207
153,"Female","Placebo Control",67,"Heterosexual",2,5,"South",3,0,1,1,4.35035186716092,4.05508800010798,3.45067472725101
154,"Female","Gay Male PDA",39,"Heterosexual",3,5,"West",5,2,1,1,4.3010881646553,4.59034528782331,3.79220047559792
155,"Female","Lesbian PDA",32,"Heterosexual",1,5,"South",5,3,1,1,4.42012160081125,5.00729072553592,4.5463083455913
156,"Male","Lesbian PDA",20,"Heterosexual",3,5,"South",4,4,1,1,3.43528260490321,4.32607659742427,3.20309718071359
157,"Female","Gay Male PDA",48,"Heterosexual",1,3,"Midwest",2,3,1,1,6.10546321149346,5.88626324828067,5.52194887222387
158,"Female","Placebo Control",40,"Heterosexual",1,2,"West",4,5,1,1,3.65545010716692,2.63700479753658,5.72920206988216
159,"Female","Placebo Control",35,"Heterosexual",5,4,"South",5,5,1,1,3.17456099471538,4.68642572291545,3.99492574054319
160,"Male","Lesbian PDA",43,"Heterosexual",2,6,"South",4,3,1,1,3.35385440646428,4.54330826934488,4.34454299873822
161,"Female","Pure Control",24,"Heterosexual",1,4,"Midwest",5,3,1,1,3.73257112500904,4.02458455624312,3.47159486941546
162,"Male","Pure Control",18,"Heterosexual",2,2,"South",3,2,1,1,3.20725522188208,3.31847691774401,4.10618863475496
163,"Male","Lesbian PDA",38,"Heterosexual",2,6,"Northeast",2,4,1,1,3.01572492605786,3.29923074562013,4.67745698585003
164,"Female","Pure Control",56,"Heterosexual",4,1,"Midwest",3,1,1,1,6.20317389508468,5.2937687616627,4.74292148589142
165,"Male","Gay Male PDA",50,"Heterosexual",4,2,"Northeast",2,3,1,1,3.11071327899608,4.0496313103255,3.22150994411505
166,"Female","Pure Control",19,"Heterosexual",3,5,"South",3,0,1,1,3.45620167637147,4.74266249624846,4.04664044810934
167,"Female","Gay Male PDA",18,"Heterosexual",2,3,"Northeast",1,4,1,1,4.8332654878457,4.31000183902698,5.18392380196141
168,"Female","Lesbian PDA",37,"Heterosexual",2,5,"Midwest",3,4,1,1,3.33061777711044,4.82032425951792,3.71469827300078
169,"Male","Gay Male PDA",33,"Heterosexual",3,2,"Northeast",4,0,1,1,3.82289076663928,3.96630626953182,2.77972592490719
170,"Male","Pure Control",42,"Heterosexual",2,2,"South",1,3,0,1,,,
171,"Female","Placebo Control",42,"Heterosexual",4,6,"Northeast",5,4,1,1,3.36504872678058,3.634190089077,3.76447649757931
172,"Male","Gay Male PDA",38,"Heterosexual",1,2,"Northeast",3,4,1,1,4.99702334893383,4.75218317407979,4.48821753412902
173,"Male","Pure Control",25,"Heterosexual",3,6,"Midwest",1,0,1,1,2.72543492832155,3.74839683437633,3.18751153436917
174,"Male","Pure Control",41,"Heterosexual",3,3,"Northeast",2,2,1,1,4.41797937200421,3.8557783747035,5.19734457525491
175,"Male","Lesbian PDA",34,"Heterosexual",1,4,"Northeast",5,0,1,1,4.72095172168125,3.56966822959327,5.67611214729219
176,"Female","Pure Control",44,"Other/Unknown",2,5,"Northeast",1,0,1,1,4.43211045512162,4.39407903220663,4.18089945753958
177,"Female","Lesbian PDA",30,"Heterosexual",3,5,"Midwest",4,4,1,1,5.92257136247034,4.23928488548063,4.32338321649941
178,"Female","Pure Control",26,"Heterosexual",4,3,"South",3,4,1,1,4.71071259817101,4.33034744818576,4.92906726957787
179,"Male","Lesbian PDA",43,"Heterosexual",3,5,"Northeast",5,1,1,1,4.1778105444193,3.55666972907665,4.94193926018369
180,"Male","Placebo Control",39,"Heterosexual",2,2,"Northeast",5,5,1,1,3.95962050591966,4.93474201218605,3.68614967131872
181,"Female","Pure Control",24,"Heterosexual",4,1,"Northeast",3,3,1,1,4.93502998353251,4.6593880040403,3.93701601502027
182,"Male","Lesbian PDA",48,"Other/Unknown",2,6,"South",4,4,1,1,5.15230011640621,4.2145919751231,3.65890109834898
183,"Male","Placebo Control",28,"Heterosexual",3,3,"West",4,5,1,0,,,
184,"Female","Pure Control",30,"Heterosexual",2,3,"South",5,5,1,1,5.16024436230998,4.52067893436535,5.75667564818382
185,"Male","Lesbian PDA",18,"LGB+",1,2,"Midwest",4,4,1,1,4.04893849647639,4.81579428004348,5.48263032212556
186,"Female","Placebo Control",27,"Heterosexual",4,2,"West",4,4,1,1,5.0346659226962,5.16834435453003,4.30739205050352
187,"Female","Placebo Control",42,"LGB+",4,1,"West",3,2,1,1,4.44790298123007,5.14074965313493,5.24256176017688
188,"Female","Gay Male PDA",18,"Heterosexual",3,5,"South",4,3,0,1,,,
189,"Male","Placebo Control",18,"Heterosexual",5,4,"Northeast",4,5,1,1,3.96740414247932,3.99449584966176,3.65961445075239
190,"Male","Gay Male PDA",48,"Heterosexual",2,2,"West",3,4,1,1,4.65230645816465,3.61634413250409,5.12927523777925
191,"Male","Placebo Control",39,"Heterosexual",2,1,"Northeast",2,2,1,1,5.433834471072,4.46969610010716,3.22913196851188
192,"Male","Lesbian PDA",25,"Heterosexual",4,5,"Midwest",3,1,1,1,3.29530545150357,2.92412446966313,3.65732023623227
193,"Male","Pure Control",41,"Heterosexual",1,6,"South",5,0,1,1,3.38609561923694,3.55381949454533,3.86554333568036
194,"Female","Gay Male PDA",48,"Heterosexual",2,2,"South",1,0,1,1,5.95636049155732,4.40522700897421,4.14569202970471
195,"Female","Pure Control",34,"Heterosexual",3,3,"West",3,0,1,1,4.4205903259972,3.1338192428887,3.79475915990843
196,"Female","Placebo Control",31,"Heterosexual",4,5,"West",5,2,1,1,3.20645338306516,3.9122814770477,4.10461124995456
197,"Female","Gay Male PDA",33,"Heterosexual",1,6,"South",5,1,1,1,5.17080037426751,4.16288185372613,5.06499966149276
198,"Male","Gay Male PDA",34,"Heterosexual",1,1,"West",2,5,1,1,4.62229152902676,4.05814423071821,4.14153833961522
199,"Female","Lesbian PDA",52,"Heterosexual",2,2,"West",4,5,1,1,4.72707333656345,4.44578341198163,5.04979257259736
200,"Male","Pure Control",29,"Heterosexual",2,2,"West",2,5,1,1,4.30920994659305,3.77325035424542,4.28449245875584
201,"Female","Lesbian PDA",36,"Heterosexual",2,1,"Midwest",3,3,1,1,3.93147483228319,7,5.41707464323012
202,"Male","Lesbian PDA",33,"Heterosexual",1,5,"Northeast",3,0,1,0,,,
203,"Female","Lesbian PDA",52,"Heterosexual",3,3,"West",5,3,0,1,,,
204,"Male","Placebo Control",48,"Heterosexual",2,2,"Midwest",5,4,1,1,5.46914956194116,5.4986265664406,3.45169541693256
205,"Female","Placebo Control",18,"Heterosexual",3,2,"West",3,3,1,1,4.85300592509786,4.18350705633906,4.18916621680085
206,"Male","Lesbian PDA",33,"Heterosexual",2,2,"West",4,2,1,1,4.85448906191207,4.39714018529563,4.886711705553
207,"Female","Lesbian PDA",30,"Heterosexual",5,6,"Midwest",5,0,1,1,4.13862489086567,4.15973453036764,3.44425424624724
208,"Female","Pure Control",25,"Heterosexual",3,3,"West",1,3,1,1,3.33611312606366,3.57972631065844,3.38120043431433
209,"Male","Pure Control",24,"Other/Unknown",1,3,"Midwest",2,0,1,1,4.21850884081044,3.59146300120716,4.73711092894285
210,"Male","Lesbian PDA",29,"Heterosexual",3,1,"Midwest",4,2,1,1,4.8137045003375,4.56809703337525,5.42774941368881
211,"Male","Pure Control",36,"Heterosexual",2,6,"South",1,5,1,1,3.30095486230622,3.24996675949391,3.53754647360598
212,"Male","Pure Control",37,"Heterosexual",2,1,"West",5,1,1,1,5.19165827066597,3.58352231618126,5.03174648966558
213,"Male","Pure Control",48,"Heterosexual",3,3,"South",1,3,1,1,4.00239905829789,3.37155795680306,4.4533507964431
214,"Male","Pure Control",36,"Heterosexual",2,1,"Midwest",1,0,1,1,5.06949887571002,4.52493255847857,4.85221635082482
215,"Male","Placebo Control",44,"Heterosexual",5,4,"Midwest",2,4,1,1,3.74804974674457,3.39978884327541,3.00975786126758
216,"Female","Gay Male PDA",40,"LGB+",2,2,"South",2,5,1,0,,,
217,"Female","Pure Control",39,"LGB+",2,1,"West",1,0,1,1,3.79233924252601,4.9355000247178,5.24314909234247
218,"Male","Placebo Control",34,"Heterosexual",2,4,"Midwest",4,3,1,1,3.33104368712969,4.77270951295907,3.4562610209843
219,"Female","Gay Male PDA",33,"Heterosexual",5,5,"Midwest",5,1,1,1,3.1416988840291,5.36227680112548,5.11387803766771
220,"Male","Placebo Control",30,"Heterosexual",1,2,"Northeast",4,4,1,1,5.2847285867931,4.98157981056939,6.57058336173845
221,"Male","Placebo Control",53,"Heterosexual",1,1,"Northeast",5,2,1,1,5.54403594883206,3.92773193767801,3.97589446716816
222,"Female","Pure Control",47,"LGB+",4,3,"West",5,0,1,1,4.97489358612905,4.69782604044858,4.52710690671113
223,"Male","Pure Control",18,"Heterosexual",3,2,"Northeast",5,4,1,1,5.0228976759719,3.65891938171454,3.365986758754
224,"Male","Gay Male PDA",33,"Heterosexual",2,6,"South",1,2,1,1,3.42317861016093,3.30070066002677,2.57637623789193
225,"Male","Placebo Control",33,"LGB+",3,3,"Northeast",3,2,1,1,4.04108913180557,6.8133741504707,3.84063685048543
226,"Male","Placebo Control",56,"Heterosexual",2,6,"South",1,5,1,0,,,
227,"Male","Lesbian PDA",23,"Other/Unknown",5,5,"Midwest",4,2,1,1,3.74343023021411,2.65459668693642,3.92174820599204
228,"Female","Lesbian PDA",26,"Heterosexual",2,7,"Northeast",2,0,1,1,4.7497309518131,4.91555900042206,3.90106725505336
229,"Female","Pure Control",28,"Heterosexual",3,2,"West",2,4,1,1,3.59158426901658,4.36883453875348,4.47330018595001
230,"Female","Placebo Control",22,"Heterosexual",2,3,"Northeast",1,5,1,1,3.86987739945954,3.70272055155448,4.12010568614749
231,"Female","Gay Male PDA",24,"Heterosexual",3,7,"Midwest",3,5,1,0,,,
232,"Female","Placebo Control",63,"Heterosexual",4,3,"Northeast",4,4,1,1,5.08006545442892,3.82383630151368,4.08754048738503
233,"Female","Pure Control",47,"Heterosexual",5,3,"Northeast",5,1,1,1,4.93075710983136,4.17734441978098,4.53423294882351
234,"Male","Placebo Control",46,"Heterosexual",1,5,"West",1,5,1,1,3.70485101632035,4.66952125208385,3.4471324050064
235,"Female","Gay Male PDA",32,"Heterosexual",5,1,"South",2,4,1,1,4.74671027995313,5.07395374888782,4.26869893186071
236,"Female","Placebo Control",32,"Heterosexual",2,3,"Northeast",1,4,1,1,5.39172867142113,3.88253957142619,4.80681562236795
237,"Male","Gay Male PDA",36,"Other/Unknown",2,2,"Northeast",3,1,1,1,4.58546155407153,3.87469028961921,4.6555618850761
238,"Male","Pure Control",22,"Heterosexual",3,3,"Midwest",3,3,1,1,3.35492620459539,3.80751710655137,3.4395597404975
239,"Female","Placebo Control",34,"Heterosexual",4,2,"South",3,1,0,1,,,
240,"Female","Lesbian PDA",26,"Heterosexual",2,3,"Midwest",5,0,1,1,4.20521838270083,4.95055612604878,3.90133452860466
241,"Male","Pure Control",32,"Heterosexual",1,5,"South",4,5,1,1,3.21204912780007,3.51667091248114,3.43412399761245
242,"Female","Pure Control",28,"Heterosexual",2,3,"South",5,2,1,1,5.69812077257806,4.81248132371147,2.84649091933472
243,"Female","Pure Control",43,"LGB+",4,1,"Northeast",1,0,1,1,6.62182973659659,5.28278684910191,5.50717818842236
244,"Female","Placebo Control",26,"Heterosexual",1,4,"Midwest",2,5,1,1,4.95656137745985,4.04066434516003,4.58888906222824
245,"Male","Placebo Control",31,"Heterosexual",1,2,"Midwest",4,4,1,1,4.62906427037623,4.27549054094095,5.85250719535783
246,"Male","Lesbian PDA",22,"Heterosexual",2,2,"South",4,3,1,1,4.10686013427603,5.54541783326691,5.76990058439327
247,"Male","Gay Male PDA",39,"Heterosexual",2,6,"South",4,5,1,1,3.27952086816477,3.84034123363838,4.60431938543311
248,"Female","Lesbian PDA",40,"Heterosexual",5,2,"South",1,0,1,1,5.35866549142029,4.06862773250988,4.04226309281033
249,"Male","Pure Control",38,"Heterosexual",2,6,"Northeast",4,0,1,1,3.17316178920183,3.64247187376498,3.50940701785701
250,"Male","Lesbian PDA",36,"Heterosexual",5,4,"West",4,2,0,1,,,
251,"Male","Placebo Control",23,"Heterosexual",3,2,"Midwest",3,2,1,1,4.40566496761928,4.00636456243207,3.59898309806881
252,"Male","Gay Male PDA",18,"Heterosexual",1,1,"West",2,4,1,1,4.77895172057996,3.99239869272268,4.49203489241456
253,"Female","Placebo Control",30,"Heterosexual",1,3,"Midwest",4,3,1,1,3.67570331516276,4.65549626420247,4.65170606358858
254,"Male","Placebo Control",40,"Heterosexual",1,7,"Northeast",2,3,1,1,3.11285002128987,2.72436322020947,3.09477755643259
255,"Female","Lesbian PDA",36,"Heterosexual",1,6,"South",3,3,1,1,3.72047772969867,3.95560493428971,4.67506051688288
256,"Male","Gay Male PDA",18,"Heterosexual",3,5,"South",4,2,1,1,1.29628105316585,2.756128897703,3.88461141518801
257,"Male","Gay Male PDA",30,"LGB+",1,4,"Northeast",5,1,1,1,4.49224295443591,4.30883913483365,6.07642417920875
258,"Male","Placebo Control",24,"Heterosexual",4,5,"South",5,3,1,1,4.13316712222064,3.08673959738437,3.27064277754371
259,"Female","Placebo Control",42,"Heterosexual",1,2,"Northeast",5,4,1,1,5.43740925923659,4.40319623947447,5.11985113537626
260,"Male","Gay Male PDA",18,"LGB+",4,4,"Midwest",1,4,1,1,2.16251185458088,3.51171026487371,3.3249088783847
261,"Female","Gay Male PDA",51,"Heterosexual",1,4,"South",4,2,1,0,,,
262,"Female","Gay Male PDA",38,"LGB+",2,6,"Northeast",5,2,1,1,4.6485594015901,3.88714486982856,4.74618058354123
263,"Male","Gay Male PDA",24,"Heterosexual",2,3,"South",5,1,1,1,4.54900923366749,2.33935136537207,4.87776037664801
264,"Male","Gay Male PDA",44,"Heterosexual",1,2,"Northeast",4,0,1,1,4.69404173044777,3.86943758465095,2.54562482560124
265,"Male","Placebo Control",41,"Heterosexual",3,3,"Midwest",2,0,1,1,4.74482108686074,2.91672950099644,3.51780572298744
266,"Male","Placebo Control",18,"Heterosexual",3,2,"Midwest",2,3,0,1,,,
267,"Female","Lesbian PDA",21,"LGB+",1,1,"Northeast",2,1,1,1,7,5.97985671510024,7
268,"Female","Lesbian PDA",50,"Heterosexual",1,2,"West",3,1,1,1,5.55546700256467,5.33176879657102,5.96353441913541
269,"Female","Lesbian PDA",49,"Heterosexual",3,3,"West",1,4,1,1,4.11832662619198,4.77712737659274,5.63985375135485
270,"Female","Placebo Control",27,"Heterosexual",3,1,"Midwest",2,2,0,1,,,
271,"Female","Placebo Control",33,"Heterosexual",1,5,"Midwest",3,0,1,1,4.73884923448109,3.31265452786153,4.12529734236272
272,"Female","Gay Male PDA",33,"Heterosexual",1,2,"Midwest",1,4,1,0,,,
273,"Female","Pure Control",24,"Heterosexual",1,1,"Midwest",3,5,1,1,4.68172482071379,3.04115983564148,4.6664071455188
274,"Female","Pure Control",39,"Heterosexual",2,3,"Northeast",2,3,1,1,5.96931997186986,4.65107940905188,3.95125672842819
275,"Male","Gay Male PDA",28,"Heterosexual",4,5,"West",4,3,1,1,1.80752860617327,2.12957370817853,3.01636789974699
276,"Male","Gay Male PDA",21,"LGB+",3,3,"West",2,3,1,1,6.3130290710978,3.64774156069409,3.77573625867773
277,"Female","Pure Control",39,"Heterosexual",1,5,"Northeast",5,2,1,1,4.3994342691112,3.57577650226111,4.46234027018624
278,"Male","Placebo Control",50,"Heterosexual",1,2,"West",3,3,1,1,4.27162124983571,4.00118764037996,4.4917364769406
279,"Male","Gay Male PDA",32,"Heterosexual",3,4,"West",5,3,1,1,3.75800919079759,3.68148335607627,4.72685576952047
280,"Male","Gay Male PDA",26,"Heterosexual",2,4,"Northeast",4,0,1,1,5.25038770315343,3.3875212332787,4.22649306461589
281,"Male","Lesbian PDA",18,"Heterosexual",3,4,"Northeast",4,2,1,1,2.60812609750845,4.26544822974694,4.31699567428271
282,"Male","Gay Male PDA",44,"Heterosexual",3,2,"Northeast",2,1,1,1,4.7359297569828,3.90664539705862,4.07515123954509
283,"Female","Placebo Control",30,"Heterosexual",3,3,"Northeast",2,0,1,1,4.83431297818965,5.51131419061901,4.80875808017715
284,"Female","Lesbian PDA",41,"Heterosexual",1,2,"Midwest",1,2,1,1,5.4683369929396,4.56274077854361,5.74841219854394
285,"Male","Pure Control",35,"Heterosexual",2,5,"Northeast",4,1,1,1,3.57975722269256,2.67290756670579,3.78968623828872
286,"Male","Pure Control",62,"Heterosexual",3,6,"West",2,3,1,1,2.88390142338723,3.25774355988999,4.34021063860593
287,"Male","Gay Male PDA",33,"Heterosexual",1,4,"Northeast",2,4,1,1,4.30443175337813,4.58891701354267,5.23282595842204
288,"Male","Pure Control",32,"Other/Unknown",2,3,"Northeast",4,4,1,1,4.23623290366587,5.01377575075217,3.61388051537011
289,"Male","Placebo Control",27,"Other/Unknown",3,3,"Midwest",5,5,1,0,,,
290,"Female","Placebo Control",36,"LGB+",3,2,"Midwest",1,2,1,1,4.3715623168277,3.52908339662635,6.01027535119038
291,"Female","Gay Male PDA",28,"Heterosexual",3,3,"West",2,5,0,1,,,
292,"Female","Placebo Control",39,"Heterosexual",2,5,"West",2,1,1,1,3.96973683691868,4.91830540206609,3.90671126640692
293,"Male","Gay Male PDA",32,"Heterosexual",2,2,"Midwest",1,2,1,1,3.9517084398152,4.54838148167934,4.16510053730032
294,"Female","Placebo Control",32,"Heterosexual",3,5,"Northeast",2,2,1,1,3.57788160656168,3.8117359121821,5.44607351297696
295,"Female","Pure Control",35,"Heterosexual",3,5,"Midwest",5,4,1,1,3.7084016942863,3.7975456559337,3.16446384577584
296,"Female","Placebo Control",18,"Heterosexual",4,1,"South",1,5,1,1,4.30987595465502,5.61860224449089,4.59598299904121
297,"Male","Placebo Control",21,"Heterosexual",1,4,"Northeast",3,4,1,1,4.67781450932431,3.64189009869728,4.16808280802005
298,"Male","Lesbian PDA",32,"Heterosexual",2,3,"West",3,4,1,1,2.97375013597377,4.84062350167936,4.73258621866609
299,"Male","Lesbian PDA",26,"Heterosexual",1,6,"Northeast",5,2,1,0,,,
300,"Female","Placebo Control",19,"Heterosexual",1,4,"West",2,4,1,1,3.97796025681282,4.25706277604151,5.26466073383429
301,"Male","Gay Male PDA",27,"Heterosexual",4,1,"South",4,4,1,1,4.59333796012246,2.47828146744089,3.67446325967168
302,"Male","Gay Male PDA",24,"Heterosexual",2,2,"South",4,0,1,1,4.4341964425901,4.3619760441839,4.76037552185481
303,"Male","Placebo Control",19,"LGB+",3,1,"South",2,2,0,0,,,
304,"Female","Lesbian PDA",25,"Heterosexual",2,3,"West",5,1,1,1,4.60414398881293,3.8621056777531,5.01248043929474
305,"Male","Gay Male PDA",45,"Heterosexual",1,5,"South",3,1,1,1,4.19825649797365,2.79160658227312,3.43955758519364
306,"Male","Placebo Control",46,"Heterosexual",1,1,"South",1,1,1,1,4.0492798259033,3.75812541536848,5.30422324498075
307,"Male","Lesbian PDA",22,"Heterosexual",5,3,"West",5,4,1,1,4.16196353714616,3.44065629393025,4.48207015318544
308,"Male","Pure Control",43,"Heterosexual",2,3,"Midwest",3,1,1,1,3.64483620853953,4.21217277681607,3.30776813323402
309,"Female","Lesbian PDA",35,"Heterosexual",3,4,"Midwest",5,3,1,1,4.75892613356642,3.03935601118396,5.26832191501885
310,"Male","Lesbian PDA",32,"Heterosexual",1,2,"West",2,0,1,1,4.70558665834312,4.04902293818143,5.05924214701751
311,"Female","Gay Male PDA",38,"Heterosexual",3,5,"South",5,2,1,1,3.92229044321774,5.21933998183738,4.10942354043112
312,"Female","Pure Control",25,"LGB+",3,2,"Midwest",5,1,1,1,5.31961490749002,5.36206427221543,6.0123732945796
313,"Female","Placebo Control",18,"Heterosexual",3,5,"West",2,4,1,1,2.24089289333479,4.10569875937725,4.55921851239073
314,"Male","Gay Male PDA",54,"Heterosexual",2,2,"West",2,4,1,1,3.94335552850592,2.85878141938592,4.45736673915268
315,"Female","Pure Control",18,"Heterosexual",1,3,"Midwest",5,4,1,1,5.66795467627041,4.97601252295176,3.9890198084286
316,"Female","Gay Male PDA",37,"Heterosexual",1,5,"Northeast",3,2,1,1,3.76770549313106,4.76031420784003,3.93147267024233
317,"Female","Placebo Control",39,"Heterosexual",3,7,"South",2,2,1,1,4.04052462405294,3.19871984348491,3.85171686504434
318,"Female","Pure Control",40,"Heterosexual",4,2,"Midwest",5,3,1,1,4.76152360827542,4.73501310040344,3.36162320460817
319,"Female","Gay Male PDA",21,"Heterosexual",3,5,"Northeast",5,5,1,1,3.42634988608518,3.50196177656286,4.32705188258165
320,"Male","Pure Control",43,"Heterosexual",3,3,"Northeast",3,1,1,1,3.96356458973485,3.27709605745203,2.8411137607146
321,"Male","Lesbian PDA",22,"Heterosexual",4,7,"Midwest",5,5,1,1,3.20570754187834,3.17684288935643,3.09463890877714
322,"Male","Gay Male PDA",38,"LGB+",2,1,"Northeast",3,1,1,1,4.65098077210604,4.66757328468095,5.10123077317374
323,"Male","Placebo Control",20,"Heterosexual",5,4,"South",2,4,1,1,4.03494146271661,3.06011230792974,2.75638927851894
324,"Female","Pure Control",29,"LGB+",1,4,"South",4,2,1,0,,,
325,"Male","Placebo Control",18,"Heterosexual",2,3,"South",5,3,1,1,3.79491898616849,4.76350081130284,4.43966369280184
326,"Female","Gay Male PDA",41,"Heterosexual",4,3,"West",1,3,1,1,4.38683341492295,5.04187293321391,3.71508746621605
327,"Female","Placebo Control",36,"Heterosexual",1,4,"West",2,3,1,1,5.7161714350809,4.33430437121512,4.91888846838936
328,"Female","Lesbian PDA",29,"Heterosexual",2,2,"South",1,1,1,1,4.99634222280201,5.80928392215985,4.87588592026428
329,"Female","Gay Male PDA",18,"Heterosexual",3,3,"Midwest",1,0,1,1,2.82724286914543,3.75773023865164,4.54846867195954
330,"Male","Pure Control",30,"Heterosexual",4,5,"Midwest",2,2,1,1,2.64242312011641,2.84662263099936,3.2477062254595
331,"Female","Pure Control",41,"Heterosexual",2,3,"West",1,3,1,1,4.0317085590119,4.67394353011564,4.97054746032245
332,"Female","Placebo Control",41,"Heterosexual",2,2,"Northeast",1,1,1,1,5.09196402407629,4.72354307207323,4.48793222268387
333,"Female","Gay Male PDA",56,"Heterosexual",2,5,"West",2,0,1,1,5.42361066870721,4.06103502221811,5.1612093159948
334,"Male","Lesbian PDA",19,"Heterosexual",5,2,"West",4,5,1,1,4.03475853027064,3.50433890914513,4.12434157080785
335,"Female","Gay Male PDA",52,"Heterosexual",2,2,"West",5,3,1,1,5.0786262589516,6.59438883622802,4.32843549644794
336,"Female","Lesbian PDA",28,"Heterosexual",3,5,"South",1,4,1,1,4.31627541583204,4.82770808887312,3.77828789317724
337,"Male","Lesbian PDA",30,"Other/Unknown",5,2,"South",2,3,1,1,3.4829447243063,4.45956601509087,4.31597987375873
338,"Male","Gay Male PDA",18,"Heterosexual",4,2,"West",5,3,1,1,3.53649332471097,3.09959473114159,3.91064844677639
339,"Female","Lesbian PDA",28,"Heterosexual",2,6,"Northeast",1,1,1,0,,,
340,"Female","Pure Control",20,"Other/Unknown",3,2,"Northeast",2,1,1,1,3.87007632542978,4.23385031932874,3.99846023966436
341,"Female","Gay Male PDA",38,"LGB+",3,2,"West",2,5,1,1,5.73011867898667,6.06393502983277,5.31746643044088
342,"Male","Lesbian PDA",18,"Heterosexual",3,4,"Midwest",3,0,1,1,3.45106968218326,3.53149006795432,3.73875282031298
343,"Male","Pure Control",46,"Heterosexual",3,3,"Midwest",1,5,1,1,3.32378690927706,3.38108166025704,4.63885597395011
344,"Male","Pure Control",40,"Heterosexual",1,1,"Northeast",5,2,1,1,3.82499192512403,4.94162303001483,3.9493819627297
345,"Male","Gay Male PDA",30,"Heterosexual",1,5,"Midwest",1,0,1,0,,,
346,"Female","Lesbian PDA",35,"Heterosexual",3,3,"Northeast",5,2,1,1,4.2591511115177,4.88644920608157,4.72555369164237
347,"Male","Gay Male PDA",26,"Heterosexual",2,1,"West",1,0,1,1,4.26267206243523,4.91837793984072,4.00813007011414
348,"Female","Placebo Control",32,"Heterosexual",4,4,"Midwest",1,0,1,1,3.78358577564147,4.2044582502328,3.62706450025922
349,"Male","Pure Control",46,"Heterosexual",2,2,"West",5,0,1,1,4.55544886875741,4.18457036919133,3.67033982100949
350,"Female","Lesbian PDA",35,"Heterosexual",2,5,"Northeast",4,4,1,1,5.42140920565548,3.75570041127254,3.94147419086965
351,"Male","Lesbian PDA",18,"Heterosexual",5,3,"South",2,5,1,1,3.81258525693625,4.6521190048723,4.12385077120811
352,"Female","Lesbian PDA",27,"Heterosexual",5,2,"Midwest",1,3,1,1,4.44746902417215,3.37328163989776,5.02871370995115
353,"Female","Lesbian PDA",36,"Heterosexual",1,1,"Northeast",5,3,1,1,4.59213339243462,5.7367870363461,7
354,"Male","Lesbian PDA",40,"Heterosexual",1,4,"South",5,3,0,1,,,
355,"Female","Placebo Control",57,"Heterosexual",1,2,"Northeast",3,2,1,1,4.12167047150499,5.38500595599563,5.35047012089612
356,"Female","Pure Control",46,"Heterosexual",2,6,"Northeast",4,2,1,1,3.23573855902034,4.36607316250083,4.47172026198869
357,"Female","Placebo Control",36,"LGB+",2,4,"Northeast",4,1,1,1,5.436625290257,5.82574326744188,5.51918687129772
358,"Male","Placebo Control",63,"Heterosexual",3,4,"South",5,3,1,1,4.42122919442791,3.54450456085487,4.68679527378446
359,"Female","Pure Control",36,"Heterosexual",1,4,"West",2,1,1,1,4.12142674525715,4.04741725627823,4.40701012848945
360,"Female","Gay Male PDA",37,"Heterosexual",4,5,"Northeast",5,4,1,1,4.15112328564083,3.98884016473352,4.9894946971366
361,"Female","Placebo Control",34,"Heterosexual",2,3,"West",5,1,1,1,4.62248047823275,4.60692103180947,4.45950418119931
362,"Female","Lesbian PDA",48,"Heterosexual",4,2,"West",3,1,0,1,,,
363,"Female","Gay Male PDA",18,"LGB+",2,1,"Northeast",1,3,1,1,5.9310962258485,5.9981583230711,5.66031522652818
364,"Male","Placebo Control",27,"Heterosexual",2,3,"Midwest",2,0,1,1,4.60997716654378,2.64509325829368,3.49532924328338
365,"Male","Lesbian PDA",23,"Heterosexual",2,6,"South",2,5,1,1,3.94412965146898,3.05611264711452,4.0955561419908
366,"Male","Pure Control",33,"Heterosexual",2,4,"West",5,2,1,1,3.56810140386116,3.09771040019309,3.55338853962154
367,"Female","Gay Male PDA",40,"Heterosexual",3,7,"West",3,0,1,0,,,
368,"Male","Pure Control",44,"LGB+",3,6,"Midwest",2,4,1,1,2.8945251169864,3.52771692000181,3.57575834396776
369,"Female","Gay Male PDA",39,"Heterosexual",1,7,"Midwest",1,2,1,0,,,
370,"Male","Placebo Control",24,"Heterosexual",3,5,"Midwest",5,1,1,1,2.80120057413059,3.57184417108695,3.42054371687141
371,"Female","Lesbian PDA",26,"Heterosexual",2,1,"South",3,1,1,1,5.45053761242071,5.93008040132309,6.03234638555011
372,"Female","Gay Male PDA",28,"Heterosexual",5,4,"South",2,2,1,1,6.02817039836222,3.76291712654185,4.67001223265179
373,"Female","Gay Male PDA",44,"Heterosexual",2,3,"South",1,0,1,1,3.794522872128,5.18237875902562,5.25140056635836
374,"Male","Lesbian PDA",22,"Heterosexual",1,5,"South",1,4,1,1,3.5980433624809,3.84372454283602,3.71940985043417
375,"Male","Pure Control",39,"Heterosexual",5,1,"Northeast",5,2,1,1,3.91152307128682,4.62339430333134,4.2202693068245
376,"Male","Placebo Control",18,"Heterosexual",2,3,"South",3,0,1,1,4.81627249927166,5.39598931783928,4.56612339048553
377,"Female","Gay Male PDA",38,"Heterosexual",2,3,"South",5,4,1,1,5.48735285544585,4.60409356996673,4.65065075166148
378,"Female","Gay Male PDA",29,"Heterosexual",3,1,"West",1,3,1,1,5.40030068941283,4.49711908218498,4.33807255489719
379,"Male","Pure Control",25,"Heterosexual",1,2,"South",2,3,1,1,5.50984955908748,4.06705960086993,4.43401283271318
380,"Female","Pure Control",23,"LGB+",3,2,"West",4,3,1,1,4.89121882435519,4.2240611732793,6.03904046862396
381,"Female","Gay Male PDA",45,"LGB+",1,5,"Midwest",5,4,1,1,5.17575634196311,5.76623430157847,6.01279611632851
382,"Female","Gay Male PDA",52,"Heterosexual",2,1,"Northeast",2,3,1,1,6.28620317948624,6.57198519351847,4.72717041235028
383,"Female","Lesbian PDA",73,"Heterosexual",3,2,"West",3,3,1,1,4.76264572871686,5.61227208129848,4.80371212859105
384,"Male","Placebo Control",37,"Heterosexual",3,3,"West",1,0,1,1,4.0800400643496,3.96512991640218,2.90259593553357
385,"Male","Gay Male PDA",26,"Heterosexual",1,4,"West",5,1,1,1,4.18391494248112,2.58022549269909,4.9130120757156
386,"Male","Gay Male PDA",20,"Heterosexual",2,6,"South",2,5,1,0,,,
387,"Male","Pure Control",37,"Heterosexual",1,5,"Northeast",4,0,1,1,4.23088748878618,4.0895728011657,3.27313448820235
388,"Male","Placebo Control",19,"Heterosexual",1,1,"Midwest",1,4,1,1,5.72220444033088,5.14602074803398,4.59250588296365
389,"Female","Gay Male PDA",26,"Heterosexual",1,6,"South",1,2,1,1,3.65852937775053,5.67361275737133,3.38226395190181
390,"Male","Gay Male PDA",29,"Heterosexual",3,1,"West",4,1,1,1,4.56235146560541,4.83881933738875,5.35577796314296
391,"Female","Lesbian PDA",33,"Heterosexual",1,2,"South",1,3,1,0,,,
392,"Male","Gay Male PDA",32,"Heterosexual",5,5,"West",5,2,1,0,,,
393,"Female","Placebo Control",34,"Heterosexual",1,2,"South",2,2,0,1,,,
394,"Female","Lesbian PDA",40,"Heterosexual",4,1,"Midwest",4,1,1,1,5.5661808903437,5.84049069413915,4.55334207124625
395,"Male","Gay Male PDA",18,"Heterosexual",1,5,"Northeast",3,1,1,1,3.8712960569396,3.657001291758,3.33437433259478
396,"Female","Placebo Control",43,"Heterosexual",5,3,"West",1,0,1,1,4.83878140037001,3.84665417761217,5.03559148441253
397,"Male","Lesbian PDA",22,"Heterosexual",5,3,"Midwest",3,3,1,1,3.94197474586177,3.89864976022392,3.78881477241836
398,"Male","Pure Control",45,"Heterosexual",3,1,"Northeast",1,1,1,1,3.55340117784143,4.1786419083101,4.69293635531154
399,"Female","Gay Male PDA",31,"Heterosexual",4,1,"West",1,0,1,1,4.64168915851543,4.26307648506945,5.036026536618
400,"Male","Pure Control",43,"Heterosexual",3,1,"West",1,4,1,1,4.70492006086561,3.60678264498806,4.31963364054042
401,"Male","Lesbian PDA",39,"Other/Unknown",4,3,"Northeast",3,0,1,1,4.76881628138466,4.55456876138711,4.44885114571853
402,"Male","Lesbian PDA",28,"Heterosexual",1,1,"Northeast",5,4,1,1,4.87489085423629,4.65814187401403,5.12027755958367
403,"Female","Gay Male PDA",31,"Heterosexual",1,2,"West",1,0,1,1,4.47220027000359,5.09608929417743,5.21473998880866
404,"Female","Pure Control",30,"Heterosexual",1,5,"Midwest",4,1,1,1,3.91049420797117,3.23758911959921,3.97717467647145
405,"Female","Pure Control",29,"Heterosexual",1,7,"Northeast",2,1,1,1,2.72960898585356,4.56523546169283,4.4798074052296
406,"Male","Gay Male PDA",54,"Heterosexual",1,3,"South",4,1,1,0,,,
407,"Female","Lesbian PDA",23,"Heterosexual",1,2,"South",3,1,1,1,6.27275256111168,6.41658409480877,5.08018355313297
408,"Female","Gay Male PDA",41,"Heterosexual",1,2,"Northeast",1,5,1,1,4.05439358423508,5.24131443896854,4.39659922153347
409,"Male","Lesbian PDA",43,"Heterosexual",2,2,"South",4,2,1,1,3.8998611544487,3.32000774425224,5.9162445226838
410,"Male","Placebo Control",23,"Heterosexual",1,4,"Midwest",2,3,1,1,4.09923508368577,3.76540062200199,4.16415401924111
411,"Male","Gay Male PDA",29,"Heterosexual",2,6,"Midwest",1,0,1,0,,,
412,"Female","Placebo Control",36,"Heterosexual",2,5,"Northeast",2,2,1,1,4.38760652956609,4.38970860059996,3.14874340008433
413,"Female","Gay Male PDA",52,"Heterosexual",2,4,"Northeast",3,0,1,1,4.50804464264824,7,3.93933718269096
414,"Female","Gay Male PDA",45,"Heterosexual",1,5,"Northeast",3,5,1,1,5.04809080997987,3.88817110065803,4.28183624739163
415,"Female","Pure Control",28,"Heterosexual",2,3,"Midwest",2,4,1,1,5.57203402459272,5.26456730940925,5.10515087140942
416,"Male","Placebo Control",26,"Heterosexual",3,2,"South",2,3,1,0,,,
417,"Male","Placebo Control",40,"Heterosexual",2,4,"Midwest",2,5,1,1,3.78829381394268,3.92703419404863,4.29580187191007
418,"Female","Lesbian PDA",38,"Heterosexual",3,4,"Northeast",3,4,1,1,3.6085192249374,5.07152087356899,4.20492130256518
419,"Male","Placebo Control",49,"Heterosexual",2,6,"West",5,4,1,1,3.77965778030084,4.39809652592449,4.61486415862645
420,"Male","Pure Control",46,"LGB+",1,7,"South",3,5,1,1,2.93943057505289,2.36609599128643,4.7008728179687
421,"Female","Pure Control",26,"Heterosexual",1,2,"South",3,4,1,1,4.7406658898379,5.88346680811386,4.37668429858185
422,"Female","Gay Male PDA",36,"Other/Unknown",1,1,"Northeast",3,0,1,1,4.92637481578015,4.93285729797807,5.64779282950557
423,"Female","Gay Male PDA",35,"Heterosexual",3,3,"West",1,2,1,1,4.17326103030193,5.30213106955185,3.86153024913766
424,"Female","Gay Male PDA",36,"Heterosexual",5,1,"Midwest",1,4,1,1,4.42645977154635,4.71654043119981,5.11796704287539
425,"Male","Pure Control",25,"Heterosexual",1,6,"Northeast",1,4,1,1,2.20600204101026,3.20475562466974,3.55422474966698
426,"Male","Lesbian PDA",29,"Heterosexual",2,2,"South",1,5,1,1,4.21758493224302,4.09775368374117,5.44230048096024
427,"Male","Pure Control",18,"Heterosexual",3,2,"Midwest",2,5,1,1,3.53770797701635,3.88527608747614,3.46012777255877
428,"Male","Gay Male PDA",46,"Heterosexual",4,5,"Midwest",1,5,1,1,3.83697055141392,3.14690823877989,3.46030390914577
429,"Female","Pure Control",29,"Heterosexual",1,6,"South",5,2,1,1,4.81649331040166,4.29104403771763,5.2864641569596
430,"Male","Pure Control",54,"Heterosexual",3,6,"Northeast",5,4,1,1,2.50667839480114,3.52260196068696,2.48984284204739
431,"Female","Pure Control",46,"Heterosexual",1,7,"South",3,1,1,1,3.81368002421827,4.68061748179082,4.32827497452579
432,"Female","Gay Male PDA",20,"Heterosexual",4,6,"Northeast",4,1,1,1,3.66181238034491,4.66964758878106,4.44287845395956
433,"Female","Gay Male PDA",41,"Heterosexual",4,3,"Northeast",1,0,1,1,3.40014455131495,4.15762343376638,4.20074692909992
434,"Female","Lesbian PDA",44,"Heterosexual",4,4,"West",1,2,1,1,3.86643389084208,5.01177472714319,3.85136230427458
435,"Male","Gay Male PDA",36,"Heterosexual",2,6,"West",3,2,1,1,3.98828947486376,2.99749904376131,4.53568181207087
436,"Female","Placebo Control",42,"Heterosexual",4,1,"South",4,1,1,1,4.29538237910844,4.66043618675907,5.29696245196694
437,"Female","Gay Male PDA",37,"Heterosexual",1,4,"West",2,3,1,1,4.95611220646704,5.96350752212203,5.04574839886864
438,"Female","Lesbian PDA",51,"Heterosexual",5,4,"Northeast",1,3,1,1,4.5129590998784,3.7028368876446,4.6122927675985
439,"Female","Lesbian PDA",47,"Heterosexual",4,3,"Midwest",1,3,1,1,5.21537320794204,3.96673062692782,3.34830807908857
440,"Male","Placebo Control",32,"Heterosexual",5,1,"Northeast",4,4,1,1,4.68697693412356,2.79492960249451,3.26453845198495
441,"Male","Pure Control",21,"Heterosexual",5,4,"West",1,5,1,1,4.11365268067367,3.09312769662412,3.43670067393123
442,"Female","Lesbian PDA",33,"Heterosexual",3,4,"Northeast",4,5,1,1,3.76047992905311,4.36873769134338,3.55726468266269
443,"Male","Pure Control",37,"Heterosexual",2,5,"Northeast",1,1,1,1,3.98300151983952,2.87324762239837,3.15563811564997
444,"Male","Pure Control",27,"Heterosexual",5,6,"Midwest",1,1,1,0,,,
445,"Female","Pure Control",33,"Heterosexual",1,3,"West",4,2,1,1,5.14789114336355,3.41258101509258,4.40315550320286
446,"Male","Lesbian PDA",32,"Other/Unknown",5,3,"West",4,1,1,1,4.24900720318848,4.31023841011345,5.13011871482115
447,"Female","Gay Male PDA",43,"Heterosexual",1,3,"Northeast",3,1,1,0,,,
448,"Female","Gay Male PDA",26,"LGB+",1,5,"Northeast",3,3,1,1,5.51261006598513,5.89156083347814,5.03012307700577
449,"Male","Lesbian PDA",21,"Heterosexual",1,7,"South",2,2,1,1,3.36784457605292,2.83684124980768,3.78902127611481
450,"Male","Pure Control",46,"Heterosexual",1,3,"South",3,2,1,1,4.38324921340123,4.17060127521053,4.40355637156066
451,"Male","Gay Male PDA",43,"Heterosexual",3,5,"Midwest",2,4,1,1,2.7621720852025,2.97066599694493,2.44563498576082
452,"Male","Lesbian PDA",38,"Heterosexual",2,4,"Midwest",1,5,1,1,4.26676701601578,3.84855474431005,4.53146259987837
453,"Male","Placebo Control",47,"Heterosexual",3,2,"Midwest",3,1,1,1,3.94880671036475,4.22238195277413,4.39619014387236
454,"Female","Gay Male PDA",19,"Heterosexual",1,2,"West",4,2,1,1,4.49406273176238,5.33044547136355,5.3213393642823
455,"Female","Lesbian PDA",42,"Heterosexual",2,3,"Northeast",5,2,1,1,5.61446614245198,4.67358062752638,5.08768371706711
456,"Male","Gay Male PDA",27,"LGB+",2,4,"Midwest",4,0,1,1,4.56672694221318,3.35582289328748,5.1245554880587
457,"Female","Lesbian PDA",29,"Heterosexual",2,1,"Northeast",5,1,1,1,4.71868887691802,5.27190784095467,5.4280299751663
458,"Female","Placebo Control",33,"Other/Unknown",5,3,"West",2,4,1,1,4.35930591835683,5.63557340845385,4.43441914384492
459,"Female","Placebo Control",22,"Heterosexual",2,4,"Midwest",2,4,1,1,4.09983945347093,3.59881501813854,4.23151566886316
460,"Female","Pure Control",32,"Heterosexual",5,3,"Northeast",5,1,1,1,3.78103134956353,4.58903390244567,3.99587662840653
461,"Female","Placebo Control",26,"Heterosexual",1,2,"Northeast",4,1,1,1,4.30377630257474,4.58730136385215,3.86112265324408
462,"Male","Placebo Control",29,"Heterosexual",1,2,"South",5,1,1,1,5.5391209379213,4.19876129890792,4.74391202277842
463,"Female","Placebo Control",36,"Heterosexual",4,3,"West",1,3,1,1,3.32873896836718,3.9102981117589,2.98988951130983
464,"Male","Lesbian PDA",56,"Heterosexual",2,4,"South",3,0,1,1,3.28751894296176,5.36041278546587,5.01758685531541
465,"Male","Placebo Control",40,"Heterosexual",3,3,"Midwest",4,1,1,1,4.7344204932214,3.5032919581922,3.15979191560238
466,"Male","Lesbian PDA",41,"Heterosexual",2,4,"South",2,5,1,1,4.67601397696458,4.39759722766844,4.56270206215188
467,"Male","Placebo Control",41,"LGB+",2,3,"South",2,4,1,0,,,
468,"Male","Lesbian PDA",41,"Other/Unknown",3,3,"South",2,4,1,1,4.1284982309812,4.61319102493092,4.68012930054365
469,"Male","Lesbian PDA",31,"Heterosexual",2,2,"Northeast",4,2,1,1,3.90524071021283,4.52293526738537,5.95767090603344
470,"Female","Pure Control",23,"Heterosexual",2,4,"Northeast",3,2,1,1,3.28521062235781,4.35360931953649,4.51389386645196
471,"Male","Placebo Control",30,"Heterosexual",3,2,"Midwest",1,1,1,0,,,
472,"Female","Pure Control",18,"Heterosexual",2,5,"Midwest",1,3,1,1,3.93786697302589,3.62939884093297,3.65716784454358
473,"Male","Placebo Control",31,"Heterosexual",2,2,"Midwest",1,5,1,1,4.16792559294429,4.10836568867904,4.23428030270266
474,"Female","Placebo Control",31,"Heterosexual",3,5,"Midwest",3,2,1,1,3.91060438548438,4.46022267434962,3.77427871062893
475,"Female","Placebo Control",44,"Heterosexual",5,2,"South",4,3,0,1,,,
476,"Female","Placebo Control",24,"Heterosexual",4,3,"South",3,3,1,1,4.50799512133939,3.58859991887937,3.91796829908234
477,"Male","Placebo Control",38,"Heterosexual",2,6,"West",2,1,1,1,4.08139141997682,2.8853547254146,3.50142445101683
478,"Male","Placebo Control",47,"Heterosexual",2,1,"Midwest",2,5,1,1,4.37021339255237,4.60372118893525,4.86454266185665
479,"Female","Pure Control",51,"Heterosexual",1,2,"Midwest",1,2,1,1,5.22892674555798,4.36477015322024,4.05422098758488
480,"Female","Lesbian PDA",46,"Heterosexual",3,2,"Northeast",3,4,1,1,4.98089056834219,4.21700999899393,5.80173975805097
481,"Male","Lesbian PDA",35,"Heterosexual",4,1,"West",2,1,1,1,5.40253386882594,5.19923046380702,3.62228137271142
482,"Male","Lesbian PDA",42,"Heterosexual",2,3,"South",4,0,1,1,3.26868599872801,4.9794587869664,4.32710115813977
483,"Female","Lesbian PDA",48,"Heterosexual",2,2,"Midwest",4,5,1,1,4.73666127884128,5.32423319013714,5.56110937420872
484,"Female","Lesbian PDA",36,"Heterosexual",3,1,"West",2,3,1,1,4.84773581533866,4.54319116534666,5.47183637156922
485,"Female","Placebo Control",55,"Heterosexual",2,7,"Northeast",5,4,1,1,4.87166093223725,3.83265777221358,4.95191472017652
486,"Male","Lesbian PDA",47,"Heterosexual",1,3,"Midwest",2,1,1,1,4.6218966336843,4.8791976837836,5.4521086241743
487,"Female","Pure Control",20,"Heterosexual",1,3,"Northeast",1,4,1,1,4.09370719789771,4.65919787518028,5.06183943633633
488,"Female","Pure Control",36,"Heterosexual",4,2,"West",2,1,1,1,5.26942864878473,4.09594934292873,3.36637011920344
489,"Female","Gay Male PDA",29,"Heterosexual",3,3,"Midwest",4,4,1,1,5.08052696048586,4.89584130936332,4.75375856753574
490,"Male","Pure Control",29,"Heterosexual",1,1,"Northeast",2,5,1,1,4.95127355804309,3.6815453234572,5.94016082861808
491,"Male","Gay Male PDA",20,"Other/Unknown",3,3,"Northeast",4,1,1,1,3.65505282792719,5.18979687689775,3.04383424296149
492,"Female","Lesbian PDA",38,"Heterosexual",2,3,"Midwest",2,5,1,1,4.0588056279648,3.79047470589437,5.11604632421086
493,"Female","Gay Male PDA",24,"Heterosexual",1,5,"Midwest",2,5,1,1,4.56180330246259,4.67391391700751,4.6085138210835
494,"Female","Pure Control",37,"Heterosexual",5,2,"West",2,1,1,1,4.45771216021811,4.58450743038021,2.61854688944663
495,"Male","Placebo Control",46,"Heterosexual",5,4,"Northeast",3,2,0,1,,,
496,"Male","Lesbian PDA",22,"Heterosexual",1,5,"West",3,3,1,1,4.06551487790695,3.11781632823937,3.85306608160285
497,"Female","Pure Control",24,"Other/Unknown",2,6,"West",4,2,1,1,5.05989707057011,3.53674628185935,5.61478835542319
498,"Female","Pure Control",50,"Heterosexual",1,2,"South",5,0,1,1,4.83289775257641,4.28656658386809,4.7211583606107
499,"Male","Gay Male PDA",30,"Heterosexual",2,5,"Northeast",2,2,1,0,,,
500,"Male","Gay Male PDA",40,"Heterosexual",1,1,"South",5,1,1,1,5.01245640622187,4.51197715948732,5.08606825392249
501,"Female","Pure Control",28,"Heterosexual",1,5,"West",2,3,1,1,4.18235497787982,3.59444449794599,3.19733521952086
502,"Female","Lesbian PDA",33,"Heterosexual",4,1,"West",3,2,0,1,,,
503,"Male","Lesbian PDA",38,"Heterosexual",1,1,"West",2,5,1,0,,,
504,"Male","Pure Control",46,"Heterosexual",3,3,"West",4,3,1,1,2.88069244548734,4.63701086901806,3.48492308918344
505,"Male","Pure Control",41,"Heterosexual",3,4,"Northeast",4,5,1,1,3.94666123408421,2.25233407259126,4.59830605122971
506,"Male","Placebo Control",41,"Other/Unknown",2,3,"Northeast",4,2,1,1,5.72953139250437,5.47982630625056,4.86570290381944
507,"Female","Gay Male PDA",27,"Heterosexual",1,3,"Midwest",5,5,1,1,3.91536469991369,5.34633824939739,4.75658458923753
508,"Female","Gay Male PDA",28,"Heterosexual",2,6,"Northeast",3,3,1,0,,,
509,"Female","Lesbian PDA",18,"Heterosexual",5,2,"South",3,1,0,1,,,
510,"Female","Placebo Control",27,"Other/Unknown",5,2,"West",4,2,1,1,4.36680770713648,4.54711366459602,3.78802840525192
511,"Female","Lesbian PDA",35,"Heterosexual",4,4,"West",4,4,1,1,5.06387561407739,3.72574886231382,4.28388779425338
512,"Female","Pure Control",18,"Heterosexual",1,2,"Midwest",3,4,1,0,,,
513,"Female","Lesbian PDA",46,"Heterosexual",3,1,"West",5,5,1,1,4.84611818426762,5.01084699970972,5.06490711722314
514,"Female","Lesbian PDA",57,"Heterosexual",1,5,"Midwest",5,3,1,1,3.93759406485259,5.74405709180607,4.93632075689572
515,"Male","Pure Control",44,"LGB+",1,1,"Northeast",1,2,1,1,4.12246633080658,5.04012536877028,5.90916100262007
516,"Male","Placebo Control",27,"LGB+",1,4,"West",3,3,0,1,,,
517,"Female","Pure Control",25,"Other/Unknown",1,2,"Northeast",3,1,1,1,5.75201978609985,5.9077089853754,5.26280563309183
518,"Male","Gay Male PDA",24,"Heterosexual",5,7,"Midwest",4,1,1,1,2.71031644926869,3.08649440791569,3.97419656821001
519,"Female","Lesbian PDA",29,"Heterosexual",2,7,"Northeast",5,5,1,1,4.27658616125887,3.27809736156365,3.6343289651735
520,"Male","Placebo Control",34,"Heterosexual",3,4,"Northeast",1,0,1,1,3.30065450178662,2.98022501875559,4.76809254626832
521,"Male","Placebo Control",49,"Heterosexual",3,2,"Northeast",5,2,1,1,5.01097127086664,4.22922878518805,4.0819512076018
522,"Female","Placebo Control",36,"Heterosexual",2,1,"South",4,2,1,1,3.78340889773471,4.46671546398082,5.11353833955252
523,"Male","Gay Male PDA",19,"Heterosexual",1,3,"Northeast",1,0,1,1,4.49391220770296,2.80300541541113,4.52581206192346
524,"Female","Lesbian PDA",38,"Heterosexual",2,6,"West",1,4,1,1,4.91102275623689,4.07788221404104,4.20299464024871
525,"Male","Placebo Control",28,"Other/Unknown",1,4,"West",2,3,1,1,4.66013274881784,4.26440696012283,5.31846651580623
526,"Male","Placebo Control",37,"Heterosexual",1,4,"Northeast",4,0,1,1,4.1725059237208,3.66200537668885,3.57395463335115
527,"Female","Placebo Control",36,"Heterosexual",2,1,"West",1,0,1,1,5.25151285108966,4.15782045607744,4.78468613217737
528,"Female","Pure Control",26,"Heterosexual",1,1,"South",5,3,1,1,4.79453860878152,5.76010794643791,4.76325155196717
529,"Male","Gay Male PDA",55,"Heterosexual",2,4,"Northeast",2,0,1,1,4.50496586746101,2.55346027859662,3.82913333792701
530,"Female","Gay Male PDA",42,"Heterosexual",1,5,"Northeast",2,2,1,1,4.87578605714825,4.16745326531553,4.75747399984892
531,"Male","Placebo Control",34,"Heterosexual",2,1,"West",3,0,1,1,4.28328966926473,3.75290619843368,2.9189498925875
532,"Male","Pure Control",42,"Heterosexual",2,3,"Midwest",2,2,1,1,3.79444487318357,2.90069949579752,3.88265549834227
533,"Female","Lesbian PDA",18,"Heterosexual",5,2,"West",2,2,1,0,,,
534,"Male","Gay Male PDA",42,"Heterosexual",4,4,"Northeast",3,2,1,1,3.57239061254074,2.65772660893781,4.26155536852399
535,"Male","Lesbian PDA",35,"Heterosexual",1,6,"Midwest",4,4,1,1,4.37283748340955,3.32545946148119,3.25789966356391
536,"Male","Gay Male PDA",46,"Heterosexual",1,2,"Northeast",4,4,1,1,5.58148572820075,3.04371466303354,4.70109752601367
537,"Male","Gay Male PDA",25,"LGB+",1,5,"West",2,3,1,0,,,
538,"Female","Placebo Control",53,"LGB+",5,5,"South",3,0,1,1,4.41728072127531,2.76545130834792,4.12566313906765
539,"Male","Gay Male PDA",36,"Heterosexual",3,2,"Midwest",1,0,1,1,4.20111414242112,2.89353513189288,3.94436326805741
540,"Female","Gay Male PDA",28,"Heterosexual",3,4,"Midwest",5,5,1,1,5.3249840527931,4.82252285699198,4.22334145829081
541,"Male","Placebo Control",45,"Heterosexual",1,2,"Northeast",4,2,1,1,4.16700770246388,4.70435892704227,4.04457114804739
542,"Male","Placebo Control",40,"Other/Unknown",2,4,"South",1,0,1,1,4.52557926086159,4.50036762900385,3.75670275355343
543,"Female","Pure Control",32,"Heterosexual",5,6,"West",2,5,1,1,4.41936418670523,3.51061632401728,2.119419451828
544,"Female","Pure Control",30,"Heterosexual",4,3,"West",3,1,1,0,,,
545,"Male","Placebo Control",28,"LGB+",1,3,"Midwest",5,4,1,1,5.09780634827318,5.55807679488936,5.21781237739704
546,"Male","Placebo Control",25,"Heterosexual",2,2,"South",4,2,1,1,3.81294180677051,4.76661864778699,4.88607806550062
547,"Male","Pure Control",36,"LGB+",1,2,"Midwest",5,2,1,1,6.00499449335715,5.62622261585863,4.45535784001895
548,"Female","Pure Control",22,"Heterosexual",1,3,"West",2,1,1,0,,,
549,"Male","Pure Control",25,"Heterosexual",1,5,"South",3,2,1,1,3.77420513202069,3.51814425471532,3.97140096696656
550,"Male","Placebo Control",18,"Heterosexual",1,1,"South",4,3,1,1,4.92355420725198,3.77670331868695,4.94825795105397
551,"Male","Pure Control",18,"Heterosexual",4,6,"South",1,4,1,1,3.17922369429443,3.11766916926464,3.04853493529316
552,"Female","Lesbian PDA",32,"Heterosexual",5,2,"West",4,2,1,1,5.32027475765625,4.52727843409786,5.05802929963303
553,"Male","Lesbian PDA",24,"Heterosexual",1,2,"South",5,1,1,1,4.23985738106346,4.90628636748608,3.84420527989379
554,"Female","Lesbian PDA",23,"Heterosexual",3,2,"Midwest",2,1,1,0,,,
555,"Male","Placebo Control",49,"Heterosexual",3,4,"Northeast",4,1,1,1,4.57096328026274,3.49417148948398,5.43505409845088
556,"Male","Pure Control",50,"LGB+",1,7,"West",1,2,1,1,3.57439014550677,3.27389320067418,1.95918978771681
557,"Male","Gay Male PDA",18,"Heterosexual",1,3,"Midwest",5,0,1,1,5.26114731246481,3.18133556845327,4.56859429362277
558,"Female","Placebo Control",33,"LGB+",2,4,"Midwest",5,2,1,1,4.73490695117039,4.92714258219877,4.44672784428278
559,"Male","Lesbian PDA",49,"Heterosexual",3,3,"Northeast",1,4,1,1,4.21838475000613,4.09257090619766,4.13377817854808
560,"Female","Gay Male PDA",18,"Heterosexual",3,5,"South",4,2,0,0,,,
561,"Female","Lesbian PDA",25,"Heterosexual",4,5,"South",1,4,1,1,4.17895678156378,4.31429878658152,4.47927524800655
562,"Female","Gay Male PDA",29,"Heterosexual",3,2,"West",2,3,1,1,4.63592313765001,4.76589873142933,5.78012557700415
563,"Male","Pure Control",36,"Heterosexual",3,2,"West",5,3,1,0,,,
564,"Male","Lesbian PDA",43,"Heterosexual",4,1,"Midwest",2,5,1,1,3.46371127225422,5.22596979238972,5.10635748181991
565,"Male","Gay Male PDA",67,"LGB+",1,2,"Northeast",4,4,1,1,5.52568265736759,3.89493210325449,5.0149443783966
566,"Female","Pure Control",50,"Heterosexual",1,6,"West",5,5,1,1,4.28311222864621,4.03277066950531,4.51105776439565
567,"Male","Lesbian PDA",47,"Heterosexual",3,2,"West",5,0,1,1,2.72093479304445,4.76405428637734,4.67754629854193
568,"Male","Gay Male PDA",34,"Heterosexual",2,5,"West",5,4,1,1,4.5692547443517,2.51853697776408,3.55548884665155
569,"Male","Pure Control",38,"Heterosexual",2,1,"Midwest",4,0,1,1,4.25611739877523,4.72535079966572,4.46860949541384
570,"Female","Pure Control",24,"Heterosexual",3,4,"West",3,0,1,1,4.20005810497662,4.33352193568027,4.57172492591419
571,"Male","Lesbian PDA",37,"Heterosexual",2,1,"South",2,4,1,1,4.04322465657663,5.77973816970565,4.47925621282227
572,"Female","Placebo Control",18,"Heterosexual",4,4,"Midwest",1,4,1,0,,,
573,"Male","Gay Male PDA",41,"Heterosexual",1,1,"South",5,5,1,0,,,
574,"Male","Pure Control",57,"Heterosexual",2,2,"Midwest",1,1,1,1,4.51741430762445,4.9972116563289,3.73750701773923
575,"Female","Pure Control",46,"Heterosexual",5,2,"Midwest",3,4,1,0,,,
576,"Male","Lesbian PDA",33,"Heterosexual",5,2,"West",2,0,1,1,3.43708152908047,4.44309269120107,5.04156570370053
577,"Male","Pure Control",37,"LGB+",1,5,"South",5,0,1,1,4.24975769800676,4.0788402747975,4.11910924584133
578,"Male","Gay Male PDA",23,"Heterosexual",1,3,"Midwest",2,1,1,1,5.26841367533201,4.32084485078058,5.04861549177284
579,"Male","Lesbian PDA",55,"Heterosexual",3,3,"West",1,1,1,1,4.34763306756142,4.58139459653916,4.39874964326707
580,"Female","Gay Male PDA",34,"LGB+",3,6,"Northeast",4,4,1,1,3.99664752161481,4.1058029702649,3.9783896686312
581,"Male","Gay Male PDA",23,"Other/Unknown",1,4,"South",3,4,1,0,,,
582,"Male","Placebo Control",40,"Heterosexual",2,2,"Midwest",3,5,1,1,4.8633176720845,4.11766104338665,4.22251475272779
583,"Male","Placebo Control",26,"Heterosexual",2,5,"Northeast",4,1,1,0,,,
584,"Male","Gay Male PDA",19,"LGB+",1,3,"South",1,1,1,0,,,
585,"Male","Pure Control",20,"Heterosexual",2,1,"South",5,5,1,1,5.05691163477777,5.12437718301009,5.15964725502443
586,"Female","Placebo Control",31,"Heterosexual",4,4,"Northeast",3,1,1,1,4.39416658212018,3.33311725880219,4.13055654024503
587,"Female","Placebo Control",37,"Heterosexual",2,7,"South",1,2,1,1,3.03624093607104,4.74873525804873,4.52645860788688
588,"Female","Placebo Control",52,"Heterosexual",3,5,"West",1,2,1,1,3.99592555784012,2.76699776433044,4.25527777095015
589,"Male","Lesbian PDA",42,"Heterosexual",5,1,"Midwest",1,5,1,1,3.61471874234862,4.63014556999776,4.20081866890134
590,"Male","Lesbian PDA",34,"Heterosexual",2,3,"Northeast",2,5,1,1,4.54796032012215,4.62759638316531,4.7650321001495
591,"Male","Lesbian PDA",35,"Heterosexual",1,6,"Midwest",5,1,1,1,4.56629409319843,4.30330718668228,4.86729535204286
592,"Male","Pure Control",53,"Heterosexual",4,3,"South",5,4,1,1,3.70866056489168,3.15746194228213,3.56517556750912
593,"Male","Pure Control",64,"Heterosexual",3,3,"Northeast",4,5,1,1,4.73267374372663,3.60377401601942,4.36402862531585
594,"Male","Lesbian PDA",43,"Heterosexual",2,3,"West",1,0,1,1,3.57297123009902,3.76362295846709,4.55485715760817
595,"Female","Pure Control",53,"Heterosexual",3,5,"Northeast",1,1,1,1,3.43538023556546,4.61528966433121,3.38550301085914
596,"Female","Pure Control",22,"Heterosexual",2,3,"West",2,4,1,1,4.86661580501976,5.04494688104049,4.8431155699841
597,"Male","Pure Control",27,"Heterosexual",1,1,"Northeast",5,5,1,1,5.8193236151908,4.99634564311452,5.55005976158652
598,"Male","Pure Control",27,"Heterosexual",2,3,"Midwest",4,1,1,1,4.51699486525121,4.3573805646302,3.56601321851809
599,"Male","Lesbian PDA",30,"Heterosexual",1,3,"South",5,1,1,1,5.75983720670902,3.31608070178504,4.87339291233682
600,"Male","Pure Control",33,"Heterosexual",1,3,"South",5,3,1,1,4.88149150376958,4.28936250002024,3.72699302226446
